Workbook

Sheet Summary
A1: 色彩库 | B1: 色号总数 | C1: 完全匹配 | D1: 可能匹配 | E1: 缺图 | F1: 未使用的本地文件
A2: Outre | B2: =COUNTA(Outre!A:A)-1 -> 533 | C2: =COUNTIF(Outre!F:F,"完全匹配") -> 456 | D2: =COUNTIF(Outre!F:F,"可能匹配") -> 34 | E2: =COUNTIF(Outre!F:F,"缺图") -> 43 | F2: =COUNTIF(未使用的本地文件!A:A,A2) -> 995
A3: its a wig | B3: =COUNTA('its a wig'!A:A)-1 -> 172 | C3: =COUNTIF('its a wig'!F:F,"完全匹配") -> 92 | D3: =COUNTIF('its a wig'!F:F,"可能匹配") -> 23 | E3: =COUNTIF('its a wig'!F:F,"缺图") -> 57 | F3: =COUNTIF(未使用的本地文件!A:A,A3) -> 407
A4: SENSATIONNEL | B4: =COUNTA(SENSATIONNEL!A:A)-1 -> 242 | C4: =COUNTIF(SENSATIONNEL!F:F,"完全匹配") -> 165 | D4: =COUNTIF(SENSATIONNEL!F:F,"可能匹配") -> 44 | E4: =COUNTIF(SENSATIONNEL!F:F,"缺图") -> 33 | F4: =COUNTIF(未使用的本地文件!A:A,A4) -> 460
A5: ROYAL IMEX | B5: =COUNTA('ROYAL IMEX'!A:A)-1 -> 38 | C5: =COUNTIF('ROYAL IMEX'!F:F,"完全匹配") -> 25 | D5: =COUNTIF('ROYAL IMEX'!F:F,"可能匹配") -> 5 | E5: =COUNTIF('ROYAL IMEX'!F:F,"缺图") -> 8 | F5: =COUNTIF(未使用的本地文件!A:A,A5) -> 69
A6: Shake-n-go | B6: =COUNTA('Shake-n-go'!A:A)-1 -> 105 | C6: =COUNTIF('Shake-n-go'!F:F,"完全匹配") -> 78 | D6: =COUNTIF('Shake-n-go'!F:F,"可能匹配") -> 18 | E6: =COUNTIF('Shake-n-go'!F:F,"缺图") -> 9 | F6: =COUNTIF(未使用的本地文件!A:A,A6) -> 632
A7: BOBBI BOSS | B7: =COUNTA('BOBBI BOSS'!A:A)-1 -> 86 | C7: =COUNTIF('BOBBI BOSS'!F:F,"完全匹配") -> 27 | D7: =COUNTIF('BOBBI BOSS'!F:F,"可能匹配") -> 14 | E7: =COUNTIF('BOBBI BOSS'!F:F,"缺图") -> 45 | F7: =COUNTIF(未使用的本地文件!A:A,A7) -> 703
A8: 合计 | B8: =SUM(B2:B7) -> 1176 | C8: =SUM(C2:C7) -> 843 | D8: =SUM(D2:D7) -> 138 | E8: =SUM(E2:E7) -> 195 | F8: =SUM(F2:F7) -> 3266
A10: 说明：
A11: · 数据来源：herabeauty.ca 前台 /products.json（仅已发布产品），Type 限 WIG/HAIR/BRAID，option 名为 Color，2026-09-30 抓取。
A12: · 本地文件：D:\resouces\COLOR CHARTS 下各 Vendor 文件夹（HAIR COUTURE 共用 Outre 库）。
A13: · 完全匹配 = 去掉 #、符号、空格后与文件名完全一致；可能匹配 = 缩写/前缀/相似度 ≥75 分，需人工确认；缺图 = 没有可靠候选。
A14: · 建议文件名 = 色号去掉 #，/ 换成 -（上传工具会按该 Vendor 的真实色号列表反查还原）。
A15: · 「确认后的文件（手填）」列留给你填写最终对应的文件，可作为重命名依据。

Sheet Outre
A1: 色号 (variant name) | B1: Vendor | C1: 产品数 | D1: Type | E1: 示例产品 | F1: 状态 | G1: 匹配文件 | H1: 匹配方式/分数 | I1: 其他候选 | J1: 建议文件名 | K1: 确认后的文件（手填）
A2: #1 | B2: OUTRE | C2: 341 | D2: BRAID/WIG/HAIR | E2: https://herabeauty.ca/products/xp-diy11-bohemian-91011 | F2: 完全匹配 | G2: 1.jpg | H2: 完全 | J2: 1.jpg
A3: #1 | B3: HAIR COUTURE | C3: 21 | D3: HAIR/WIG | E3: https://herabeauty.ca/products/duo-water-wave-2x | F3: 完全匹配 | G3: 1.jpg | H3: 完全 | J3: 1.jpg
A4: #116 | B4: HAIR COUTURE | C4: 1 | D4: HAIR | E4: https://herabeauty.ca/products/smart-hair | F4: 缺图 | H4: 最佳 60 | J4: 116.jpg
A5: #12 | B5: OUTRE | C5: 1 | D5: BRAID | E5: https://herabeauty.ca/products/x-pression-ultra-braid-82-inch | F5: 完全匹配 | G5: 12.jpg | H5: 完全 | J5: 12.jpg
A6: #130S | B6: OUTRE | C6: 1 | D6: HAIR | E6: https://herabeauty.ca/products/purple-pack-100-human-hair-yaki | F6: 完全匹配 | G6: 130S.jpg | H6: 完全 | J6: 130S.jpg
A7: #18/24 | B7: HAIR COUTURE | C7: 1 | D7: HAIR | E7: https://herabeauty.ca/products/remy-human-hair-tape-in-extensions-18in | F7: 缺图 | H7: 最佳 53 | J7: 18-24.jpg
A8: #18/24R | B8: HAIR COUTURE | C8: 2 | D8: WIG | E8: https://herabeauty.ca/products/ambience-100-remy-human-hair-natural-top-small | F8: 缺图 | H8: 最佳 48 | J8: 18-24R.jpg
A9: #18/613 | B9: HAIR COUTURE | C9: 1 | D9: HAIR | E9: https://herabeauty.ca/products/100-remy-human-hair-clip-in-extensions | F9: 缺图 | H9: 最佳 60 | J9: 18-613.jpg
A10: #1B | B10: OUTRE | C10: 341 | D10: BRAID/WIG/HAIR | E10: https://herabeauty.ca/products/xp-diy11-bohemian-91011 | F10: 完全匹配 | G10: 1B.jpg | H10: 完全 | J10: 1B.jpg
A11: #1B | B11: HAIR COUTURE | C11: 21 | D11: HAIR/WIG | E11: https://herabeauty.ca/products/duo-water-wave-2x | F11: 完全匹配 | G11: 1B.jpg | H11: 完全 | J11: 1B.jpg
A12: #1B/30 | B12: HAIR COUTURE | C12: 3 | D12: HAIR | E12: https://herabeauty.ca/products/hc-avanti-clip-str | F12: 可能匹配 | G12: C1B_30.jpg | H12: 相似 76 | I12: F1B_30.jpg (76); M1B_30.jpg (76); T1B_30.jpg (76) | J12: 1B-30.jpg
A13: #2 | B13: OUTRE | C13: 323 | D13: BRAID/WIG/HAIR | E13: https://herabeauty.ca/products/xp-diy11-bohemian-91011 | F13: 完全匹配 | G13: 2.jpg | H13: 完全 | J13: 2.jpg
A14: #2 | B14: HAIR COUTURE | C14: 21 | D14: HAIR/WIG | E14: https://herabeauty.ca/products/duo-water-wave-2x | F14: 完全匹配 | G14: 2.jpg | H14: 完全 | J14: 2.jpg
A15: #2/DRS BLONDE TIARA | B15: OUTRE | C15: 1 | D15: WIG | E15: https://herabeauty.ca/products/lace-front-synthetic-wig-14-inch-bess | F15: 完全匹配 | G15: 2_DRS_BLONDE_TIARA.jpg | H15: 完全 | J15: 2-DRS BLONDE TIARA.jpg
A16: #233 | B16: HAIR COUTURE | C16: 1 | D16: HAIR | E16: https://herabeauty.ca/products/smart-hair | F16: 缺图 | H16: 最佳 60 | J16: 233.jpg
A17: #24 | B17: OUTRE | C17: 1 | D17: BRAID | E17: https://herabeauty.ca/products/x-pression-ultra-braid-82-inch | F17: 完全匹配 | G17: 24.jpg | H17: 完全 | J17: 24.jpg
A18: #24/18 | B18: HAIR COUTURE | C18: 1 | D18: HAIR | E18: https://herabeauty.ca/products/100-remy-human-hair-clip-in-extensions | F18: 缺图 | H18: 最佳 53 | J18: 24-18.jpg
A19: #27 | B19: OUTRE | C19: 32 | D19: BRAID/HAIR/WIG | E19: https://herabeauty.ca/products/purple-pack-brazilian-bundle-pre-stretched-dominican-curl-bulk | F19: 完全匹配 | G19: 27.jpg | H19: 完全 | J19: 27.jpg
A20: #27 | B20: HAIR COUTURE | C20: 1 | D20: HAIR | E20: https://herabeauty.ca/products/smart-hair | F20: 完全匹配 | G20: 27.jpg | H20: 完全 | J20: 27.jpg
A21: #27V | B21: OUTRE | C21: 2 | D21: WIG | E21: https://herabeauty.ca/products/synthetic-lace-part-wig-ryan-12 | F21: 完全匹配 | G21: 27V.jpg | H21: 完全 | J21: 27V.jpg
A22: #27＆30＆613 | B22: OUTRE | C22: 1 | D22: BRAID | E22: https://herabeauty.ca/products/pre-stretched-braiding-hair-3x-52in | F22: 完全匹配 | G22: 27_30_613.jpg | H22: 完全 | J22: 27＆30＆613.jpg
A23: #280 | B23: OUTRE | C23: 1 | D23: WIG | E23: https://herabeauty.ca/products/gray-human-hair-wig-for-women-celia | F23: 完全匹配 | G23: 280.jpg | H23: 完全 | J23: 280.jpg
A24: #2T/30 | B24: OUTRE | C24: 2 | D24: WIG | E24: https://herabeauty.ca/products/wigpop-synthetic-full-cap-wig-chrisette | F24: 完全匹配 | G24: 2T_30.jpg | H24: 完全 | J24: 2T-30.jpg
A25: #2T/3027 | B25: OUTRE | C25: 2 | D25: WIG | E25: https://herabeauty.ca/products/pre-braided-lace-frontal-wig-13x4 | F25: 完全匹配 | G25: 2T_3027.jpg | H25: 完全 | J25: 2T-3027.jpg
A26: #2T/425 | B26: OUTRE | C26: 1 | D26: WIG | E26: https://herabeauty.ca/products/wigpop-synthetic-full-cap-wig-chrisette | F26: 完全匹配 | G26: 2T_425.jpg | H26: 完全 | J26: 2T-425.jpg
A27: #2T1/27 | B27: OUTRE | C27: 6 | D27: HAIR | E27: https://herabeauty.ca/products/ponytail-wig-with-bangs-pony-kayla | F27: 完全匹配 | G27: 2T1_27.jpg | H27: 完全 | J27: 2T1-27.jpg
A28: #2T1/27613 | B28: OUTRE | C28: 3 | D28: HAIR | E28: https://herabeauty.ca/products/afro-ponytail-extension-pretty-quick | F28: 完全匹配 | G28: 2T1_27613.jpg | H28: 完全 | J28: 2T1-27613.jpg
A29: #2T1/30 | B29: OUTRE | C29: 19 | D29: HAIR/WIG | E29: https://herabeauty.ca/products/3b-curly-drawstring-ponytail-18-inch | F29: 完全匹配 | G29: 2T1_30.jpg | H29: 完全 | J29: 2T1-30.jpg
A30: #2T1/350 | B30: OUTRE | C30: 2 | D30: HAIR | E30: https://herabeauty.ca/products/3b-curly-drawstring-ponytail-18-inch | F30: 完全匹配 | G30: 2T1_350.jpg | H30: 完全 | J30: 2T1-350.jpg
... A32: #2T1/60 | B32: OUTRE | C32: 1 | D32: HAIR | E32: https://herabeauty.ca/products/afro-puff-ponytail-extension-pretty-quick-1 | F32: 完全匹配 | G32: 2T1_60.jpg | H32: 完全 | J32: 2T1-60.jpg
A33: #2T1/BU | B33: OUTRE | C33: 8 | D33: HAIR | E33: https://herabeauty.ca/products/3b-curly-drawstring-ponytail-18-inch | F33: 可能匹配 | G33: 2T1_BURGUNDY.jpg | H33: 逐段缩写 88 | I33: 2T1B_BLUE.jpg (82); 2T1B_PURPLE.jpg (80); 2T1B_FUCHSIA.jpg (79) | J33: 2T1-BU.jpg
A34: #2T1B/130S | B34: OUTRE | C34: 2 | D34: BRAID | E34: https://herabeauty.ca/products/jumbo-braid-hair-extensions-56-inch | F34: 完全匹配 | G34: 2T1B_130S.jpg | H34: 完全 | J34: 2T1B-130S.jpg
A35: #2T1B/27 | B35: OUTRE | C35: 27 | D35: BRAID | E35: https://herabeauty.ca/products/purple-pack-brazilian-bundle-feather-crochet-hawaiian | F35: 完全匹配 | G35: 2T1B_27.jpg | H35: 完全 | J35: 2T1B-27.jpg
A36: #2T1B/2730 | B36: OUTRE | C36: 3 | D36: BRAID/HAIR | E36: https://herabeauty.ca/products/pre-stretched-braiding-hair-3x-52in | F36: 完全匹配 | G36: 2T1B_2730.jpg | H36: 完全 | J36: 2T1B-2730.jpg
A37: #2T1B/27613 | B37: OUTRE | C37: 1 | D37: BRAID | E37: https://herabeauty.ca/products/pre-stretched-braiding-hair-3x-52in | F37: 完全匹配 | G37: 2T1B_27613.jpg | H37: 完全 | J37: 2T1B-27613.jpg
A38: #2T1B/30 | B38: OUTRE | C38: 30 | D38: BRAID/WIG | E38: https://herabeauty.ca/products/xp-diy11-bohemian-91011 | F38: 完全匹配 | G38: 2T1B_30.jpg | H38: 完全 | J38: 2T1B-30.jpg
A39: #2T1B/33 | B39: OUTRE | C39: 3 | D39: BRAID | E39: https://herabeauty.ca/products/pre-stretched-braiding-hair-42-inch | F39: 完全匹配 | G39: 2T1B_33.jpg | H39: 完全 | J39: 2T1B-33.jpg
A40: #2T1B/350 | B40: OUTRE | C40: 5 | D40: BRAID | E40: https://herabeauty.ca/products/butterfly-locs-hair-extensions-20 | F40: 完全匹配 | G40: 2T1B_350.jpg | H40: 完全 | J40: 2T1B-350.jpg
A41: #2T1B/425 | B41: OUTRE | C41: 6 | D41: BRAID | E41: https://herabeauty.ca/products/xp-t-up-3x-type-4-s-n-frappe-10 | F41: 完全匹配 | G41: 2T1B_425.jpg | H41: 完全 | J41: 2T1B-425.jpg
A42: #2T1B/60 | B42: OUTRE | C42: 2 | D42: BRAID | E42: https://herabeauty.ca/products/pre-stretched-braiding-hair-42-inch | F42: 完全匹配 | G42: 2T1B_60.jpg | H42: 完全 | J42: 2T1B-60.jpg
A43: 2T1B/Amber | B43: OUTRE | C43: 3 | D43: BRAID | E43: https://herabeauty.ca/products/purple-pack-brazilian-bundle-feather-crochet-hawaiian | F43: 完全匹配 | G43: 2T1B_AMBER.jpg | H43: 完全 | J43: 2T1B-Amber.jpg
A44: #2T1B/BLU | B44: OUTRE | C44: 1 | D44: BRAID | E44: https://herabeauty.ca/products/x-pression-ultra-braid-82-inch | F44: 可能匹配 | G44: 2T1B_BLUE.jpg | H44: 逐段缩写 88 | I44: 2T1B_LUXE_BLUE.jpg (82) | J44: 2T1B-BLU.jpg
A45: #2T1B/BU | B45: OUTRE | C45: 4 | D45: HAIR/BRAID | E45: https://herabeauty.ca/products/synthetic-drawstring-ponytail-puffs-duo | F45: 可能匹配 | G45: 2T1B_BLUE.jpg | H45: 逐段缩写 88 | I45: 2T1B_BURGUNDY.jpg (88); 2T1B_LUXE_BLUE.jpg (80) | J45: 2T1B-BU.jpg
A46: #2T1B/MACCHIATO | B46: OUTRE | C46: 2 | D46: BRAID | E46: https://herabeauty.ca/products/xp-diy11-bohemian-91011 | F46: 缺图 | H46: 最佳 60 | I46: MACCHIATO/MACCHIATO_BRAID.jpg (60); MACCHIATO/MACCHIATO.jpg (60) | J46: 2T1B-MACCHIATO.jpg
A47: #2T1B/PUR | B47: OUTRE | C47: 1 | D47: BRAID | E47: https://herabeauty.ca/products/x-pression-ultra-braid-82-inch | F47: 可能匹配 | G47: 2T1B_PURPLE.jpg | H47: 逐段缩写 88 | J47: 2T1B-PUR.jpg
A48: #2T1B/RED COPPER | B48: OUTRE | C48: 2 | D48: HAIR | E48: https://herabeauty.ca/products/4c-coily-clip-in-hair-extensions-9pcs | F48: 完全匹配 | G48: 2T1B_RED_COPPER.jpg | H48: 完全 | J48: 2T1B-RED COPPER.jpg
A49: #2T1B/VIO | B49: OUTRE | C49: 1 | D49: BRAID | E49: https://herabeauty.ca/products/x-pression-ultra-braid-82-inch | F49: 可能匹配 | G49: 2T1B_VIOLET.jpg | H49: 逐段缩写 88 | I49: 2T1B_INDIGO.jpg (60) | J49: 2T1B-VIO.jpg
A50: #2T27/613 | B50: OUTRE | C50: 1 | D50: BRAID | E50: https://herabeauty.ca/products/x-pression-ultra-braid-82-inch | F50: 完全匹配 | G50: 2T27_613.jpg | H50: 完全 | J50: 2T27-613.jpg
A51: #2T4/2730 | B51: OUTRE | C51: 1 | D51: WIG | E51: https://herabeauty.ca/products/butterfly-locs-lace-front-wig | F51: 完全匹配 | G51: 2T4_2730.jpg | H51: 完全 | J51: 2T4-2730.jpg
A52: #2T4/30 | B52: OUTRE | C52: 1 | D52: BRAID | E52: https://herabeauty.ca/products/x-pression-twisted-up-swicy-3x-afro-twist-18 | F52: 完全匹配 | G52: 2T4_30.jpg | H52: 完全 | J52: 2T4-30.jpg
A53: #2T99J350 | B53: OUTRE | C53: 1 | D53: WIG | E53: https://herabeauty.ca/products/butterfly-locs-lace-front-wig | F53: 完全匹配 | G53: 2T99J_350.jpg | H53: 完全 | J53: 2T99J350.jpg
A54: #3 | B54: HAIR COUTURE | C54: 1 | D54: HAIR | E54: https://herabeauty.ca/products/smart-hair | F54: 缺图 | H54: 最佳 53 | J54: 3.jpg
A55: #30 | B55: OUTRE | C55: 32 | D55: BRAID/HAIR/WIG | E55: https://herabeauty.ca/products/xp-t-up-3x-type-4-s-n-frappe-10 | F55: 完全匹配 | G55: 30.jpg | H55: 完全 | J55: 30.jpg
A56: #30 | B56: HAIR COUTURE | C56: 4 | D56: HAIR | E56: https://herabeauty.ca/products/duo-water-wave-2x | F56: 完全匹配 | G56: 30.jpg | H56: 完全 | J56: 30.jpg
A57: #32/27/88 | B57: HAIR COUTURE | C57: 3 | D57: WIG | E57: https://herabeauty.ca/products/natural-hair-topper-for-thinning-hair | F57: 缺图 | H57: 最佳 48 | J57: 32-27-88.jpg
A58: #33 | B58: OUTRE | C58: 10 | D58: HAIR/BRAID | E58: https://herabeauty.ca/products/purple-pack-100-human-hair-yaki | F58: 完全匹配 | G58: 33.jpg | H58: 完全 | J58: 33.jpg
A59: #34 | B59: OUTRE | C59: 9 | D59: WIG/HAIR | E59: https://herabeauty.ca/products/quick-weave-half-wig-kaia | F59: 完全匹配 | G59: 34.jpg | H59: 完全 | J59: 34.jpg
A60: #350 | B60: OUTRE | C60: 7 | D60: HAIR/BRAID | E60: https://herabeauty.ca/products/purple-pack-100-human-hair-yaki | F60: 完全匹配 | G60: 350.jpg | H60: 完全 | J60: 350.jpg
A61: #3CR ALASKAN SUNSET | B61: OUTRE | C61: 1 | D61: WIG | E61: https://herabeauty.ca/products/colorbomb-synthetic-lace-front-wig | F61: 完全匹配 | G61: 3CR_ALASKAN_SUNSET.jpg | H61: 完全 | J61: 3CR ALASKAN SUNSET.jpg
A62: #3CR PINK/BABY PINK | B62: OUTRE | C62: 1 | D62: WIG | E62: https://herabeauty.ca/products/colorbomb-synthetic-lace-front-wig | F62: 完全匹配 | G62: 3CR_PINK_BABY_PINK.jpg | H62: 完全 | J62: 3CR PINK-BABY PINK.jpg
A63: #3CR PRISM | B63: OUTRE | C63: 1 | D63: WIG | E63: https://herabeauty.ca/products/colorbomb-synthetic-lace-front-wig | F63: 完全匹配 | G63: 3CR_PRISM.jpg | H63: 完全 | J63: 3CR PRISM.jpg
A64: #3CR PURPLE PEACH MELT | B64: OUTRE | C64: 1 | D64: WIG | E64: https://herabeauty.ca/products/colorbomb-synthetic-lace-front-wig | F64: 完全匹配 | G64: 3CR_PURPLE_PEACH_MELT.jpg | H64: 完全 | J64: 3CR PURPLE PEACH MELT.jpg
A65: #3CR SUNFLOWER | B65: OUTRE | C65: 1 | D65: WIG | E65: https://herabeauty.ca/products/colorbomb-synthetic-lace-front-wig | F65: 完全匹配 | G65: 3CR_SUNFLOWER.jpg | H65: 完全 | J65: 3CR SUNFLOWER.jpg
A66: #3DR GINGER HONEY MELT | B66: OUTRE | C66: 1 | D66: WIG | E66: https://herabeauty.ca/products/outre-synthetic-hd-transparent-lace-front-wig-oceane | F66: 完全匹配 | G66: 3DR_GINGER_HONEY_MELT.jpg | H66: 完全 | J66: 3DR GINGER HONEY MELT.jpg
A67: #3DR MALIBU BLONDE | B67: OUTRE | C67: 1 | D67: WIG | E67: https://herabeauty.ca/products/28-inch-lace-front-wig-kimora | F67: 完全匹配 | G67: 3DR_MALIBU_BLONDE.jpg | H67: 完全 | J67: 3DR MALIBU BLONDE.jpg
A68: #3DR OCEAN BLUE | B68: OUTRE | C68: 1 | D68: WIG | E68: https://herabeauty.ca/products/colorbomb-synthetic-lace-front-wig | F68: 完全匹配 | G68: 3DR_OCEAN_BLUE.jpg | H68: 完全 | J68: 3DR OCEAN BLUE.jpg
A69: #3DR VIOLET ORCHID | B69: OUTRE | C69: 1 | D69: WIG | E69: https://herabeauty.ca/products/colorbomb-synthetic-lace-front-wig | F69: 完全匹配 | G69: 3DR_VIOLET_ORCHID.jpg | H69: 完全 | J69: 3DR VIOLET ORCHID.jpg
... A85: #4 | B85: HAIR COUTURE | C85: 2 | D85: HAIR | E85: https://herabeauty.ca/products/hc-avanti-clip-str | F85: 完全匹配 | G85: 4.jpg | H85: 完全 | J85: 4.jpg
A86: #4/27 | B86: HAIR COUTURE | C86: 15 | D86: HAIR/WIG | E86: https://herabeauty.ca/products/hc-avanti-clip-str | F86: 缺图 | H86: 最佳 73 | I86: F4_27.jpg (73); M4_27.jpg (73); S4_27.jpg (73) | J86: 4-27.jpg
A87: #4/27R | B87: HAIR COUTURE | C87: 2 | D87: WIG | E87: https://herabeauty.ca/products/ambience-100-remy-human-hair-natural-top-small | F87: 缺图 | H87: 最佳 64 | I87: F4_27.jpg (64); M4_27.jpg (64); S4_27.jpg (64) | J87: 4-27R.jpg
A88: #4/30 | B88: HAIR COUTURE | C88: 1 | D88: HAIR | E88: https://herabeauty.ca/products/smart-hair | F88: 缺图 | H88: 最佳 73 | I88: F4_30.jpg (73); M4_30.jpg (73); S4_30.jpg (73) | J88: 4-30.jpg
A89: #425 | B89: OUTRE | C89: 10 | D89: BRAID/HAIR/WIG | E89: https://herabeauty.ca/products/xp-t-up-3x-type-4-s-n-frappe-10 | F89: 完全匹配 | G89: 425.jpg | H89: 完全 | J89: 425.jpg
A90: #425/PEEKA RED99J | B90: OUTRE | C90: 2 | D90: WIG | E90: https://herabeauty.ca/products/prianna-20-inch-synthetic-lace-wig | F90: 完全匹配 | G90: 425_PEEKA_RED99J.jpg | H90: 完全 | J90: 425-PEEKA RED99J.jpg
A91: #430/PEEKA 3527 | B91: OUTRE | C91: 2 | D91: WIG | E91: https://herabeauty.ca/products/lace-front-synthetic-wig-kyala-22 | F91: 完全匹配 | G91: 430_PEEKA_3527.jpg | H91: 完全 | J91: 430-PEEKA 3527.jpg
A92: #44 | B92: OUTRE | C92: 9 | D92: BRAID/WIG/HAIR | E92: https://herabeauty.ca/products/pre-stretched-braiding-hair-3x-52in | F92: 完全匹配 | G92: 44.jpg | H92: 完全 | J92: 44.jpg
A93: #44 | B93: HAIR COUTURE | C93: 1 | D93: WIG | E93: https://herabeauty.ca/products/ambience-100-remy-human-hair-secret-crown | F93: 完全匹配 | G93: 44.jpg | H93: 完全 | J93: 44.jpg
A94: #51 | B94: OUTRE | C94: 10 | D94: BRAID/WIG/HAIR | E94: https://herabeauty.ca/products/jumbo-braid-hair-extensions-56-inch | F94: 完全匹配 | G94: 51.jpg | H94: 完全 | J94: 51.jpg
A95: #59 | B95: HAIR COUTURE | C95: 3 | D95: WIG | E95: https://herabeauty.ca/products/natural-hair-topper-for-thinning-hair | F95: 缺图 | H95: 最佳 40 | J95: 59.jpg
A96: #6 | B96: HAIR COUTURE | C96: 1 | D96: HAIR | E96: https://herabeauty.ca/products/smart-hair | F96: 完全匹配 | G96: 6.jpg | H96: 完全 | J96: 6.jpg
A97: #6 | B97: OUTRE | C97: 2 | D97: BRAID | E97: https://herabeauty.ca/products/jumbo-braid-hair-extensions-56-inch | F97: 完全匹配 | G97: 6.jpg | H97: 完全 | J97: 6.jpg
A98: #6/613 | B98: HAIR COUTURE | C98: 3 | D98: HAIR | E98: https://herabeauty.ca/products/quattro-straight-4pc-weave-bundle | F98: 缺图 | H98: 最佳 60 | J98: 6-613.jpg
A99: #60 | B99: OUTRE | C99: 2 | D99: BRAID | E99: https://herabeauty.ca/products/pre-stretched-braiding-hair-42-inch | F99: 完全匹配 | G99: 60.jpg | H99: 完全 | J99: 60.jpg
A100: #612 | B100: HAIR COUTURE | C100: 1 | D100: HAIR | E100: https://herabeauty.ca/products/smart-hair | F100: 缺图 | H100: 最佳 60 | J100: 612.jpg
A101: #613 | B101: HAIR COUTURE | C101: 7 | D101: HAIR | E101: https://herabeauty.ca/products/duo-water-wave-2x | F101: 完全匹配 | G101: 613.jpg | H101: 完全 | J101: 613.jpg
A102: #613 | B102: OUTRE | C102: 105 | D102: HAIR/WIG/BRAID | E102: https://herabeauty.ca/products/velvet-100-remi-human-hair-yaki-1 | F102: 完全匹配 | G102: 613.jpg | H102: 完全 | J102: 613.jpg
A103: #613L | B103: HAIR COUTURE | C103: 1 | D103: HAIR | E103: https://herabeauty.ca/products/smart-hair | F103: 可能匹配 | G103: 613.jpg | H103: 缩写 85 | J103: 613L.jpg
A104: #626 | B104: HAIR COUTURE | C104: 4 | D104: HAIR | E104: https://herabeauty.ca/products/smart-hair | F104: 缺图 | H104: 最佳 46 | J104: 626.jpg
A105: #626R | B105: HAIR COUTURE | C105: 2 | D105: WIG | E105: https://herabeauty.ca/products/ambience-100-remy-human-hair-natural-top-small | F105: 缺图 | H105: 最佳 40 | J105: 626R.jpg
A106: #644 | B106: HAIR COUTURE | C106: 1 | D106: HAIR | E106: https://herabeauty.ca/products/smart-hair | F106: 缺图 | H106: 最佳 60 | J106: 644.jpg
A107: #8 | B107: HAIR COUTURE | C107: 1 | D107: HAIR | E107: https://herabeauty.ca/products/smart-hair | F107: 完全匹配 | G107: 8.jpg | H107: 完全 | J107: 8.jpg
A108: #8 | B108: OUTRE | C108: 2 | D108: BRAID | E108: https://herabeauty.ca/products/jumbo-braid-hair-extensions-56-inch | F108: 完全匹配 | G108: 8.jpg | H108: 完全 | J108: 8.jpg
A109: #8/24 | B109: HAIR COUTURE | C109: 2 | D109: HAIR | E109: https://herabeauty.ca/products/drawstring-ponytail-with-claw-clip-14in | F109: 缺图 | H109: 最佳 60 | J109: 8-24.jpg
A110: #882 | B110: HAIR COUTURE | C110: 1 | D110: HAIR | E110: https://herabeauty.ca/products/remy-human-hair-tape-in-extensions-18in | F110: 缺图 | H110: 最佳 46 | J110: 882.jpg
A111: #950 | B111: OUTRE | C111: 29 | D111: HAIR/BRAID/WIG | E111: https://herabeauty.ca/products/purple-pack-water-wave | F111: 完全匹配 | G111: 950.jpg | H111: 完全 | J111: 950.jpg
A112: #99J | B112: HAIR COUTURE | C112: 2 | D112: HAIR | E112: https://herabeauty.ca/products/duo-water-wave-2x | F112: 完全匹配 | G112: 99J.jpg | H112: 完全 | J112: 99J.jpg
A113: #99J | B113: OUTRE | C113: 18 | D113: WIG/BRAID/HAIR | E113: https://herabeauty.ca/products/synthetic-bob-wig-for-women-josette | F113: 完全匹配 | G113: 99J.jpg | H113: 完全 | J113: 99J.jpg
A114: #AMBER | B114: OUTRE | C114: 1 | D114: BRAID | E114: https://herabeauty.ca/products/x-pression-ultra-braid-82-inch | F114: 完全匹配 | G114: AMBER.jpg | H114: 完全 | J114: AMBER.jpg
A115: #APPLE RED | B115: OUTRE | C115: 1 | D115: BRAID | E115: https://herabeauty.ca/products/x-pression-ultra-braid-82-inch | F115: 完全匹配 | G115: APPLE_RED.jpg | H115: 完全 | J115: APPLE RED.jpg
A116: #ASH BROWN | B116: OUTRE | C116: 1 | D116: WIG | E116: https://herabeauty.ca/products/perfect-hairline-true-frontal-peak-705 | F116: 完全匹配 | G116: ASH_BROWN.jpg | H116: 完全 | J116: ASH BROWN.jpg
...

Sheet its a wig
A1: 色号 (variant name) | B1: Vendor | C1: 产品数 | D1: Type | E1: 示例产品 | F1: 状态 | G1: 匹配文件 | H1: 匹配方式/分数 | I1: 其他候选 | J1: 建议文件名 | K1: 确认后的文件（手填）
A2: #1 | B2: IT'S A WIG | C2: 98 | D2: WIG | E2: https://herabeauty.ca/products/bff-tp-mirella | F2: 完全匹配 | G2: 1.jpg | H2: 完全 | J2: 1.jpg
A3: #1B | B3: IT'S A WIG | C3: 99 | D3: WIG | E3: https://herabeauty.ca/products/bff-tp-mirella | F3: 完全匹配 | G3: 1B.jpg | H3: 完全 | J3: 1B.jpg
A4: #2 | B4: IT'S A WIG | C4: 85 | D4: WIG | E4: https://herabeauty.ca/products/bff-tp-mirella | F4: 完全匹配 | G4: 2.jpg | H4: 完全 | J4: 2.jpg
A5: #27 | B5: IT'S A WIG | C5: 12 | D5: WIG | E5: https://herabeauty.ca/products/human-hair-wig-with-bangs-chantel | F5: 完全匹配 | G5: 27.jpg | H5: 完全 | J5: 27.jpg
A6: #280 | B6: IT'S A WIG | C6: 1 | D6: WIG | E6: https://herabeauty.ca/products/100-percent-human-hair-lace-wig-gloria | F6: 完全匹配 | G6: 280.jpg | H6: 完全 | J6: 280.jpg
A7: #3 | B7: IT'S A WIG | C7: 4 | D7: WIG | E7: https://herabeauty.ca/products/wig-fw-britty | F7: 缺图 | H7: 最佳 53 | J7: 3.jpg
A8: #30 | B8: IT'S A WIG | C8: 4 | D8: WIG | E8: https://herabeauty.ca/products/13x4-lace-front-wig-straight-22 | F8: 完全匹配 | G8: 30.jpg | H8: 完全 | J8: 30.jpg
A9: #350 | B9: IT'S A WIG | C9: 6 | D9: WIG | E9: https://herabeauty.ca/products/human-hair-wig-with-bangs-chantel | F9: 完全匹配 | G9: 350.jpg | H9: 完全 | J9: 350.jpg
A10: #3S/HONEY GOLD | B10: IT'S A WIG | C10: 2 | D10: WIG | E10: https://herabeauty.ca/products/hd-lace-front-wig-becca | F10: 完全匹配 | G10: 3S_HONEY_GOLD.jpg | H10: 完全 | J10: 3S-HONEY GOLD.jpg
A11: #3T CYBER PURPLE | B11: IT'S A WIG | C11: 1 | D11: WIG | E11: https://herabeauty.ca/products/synthetic-hd-lace-front-wig-julietta | F11: 缺图 | H11: 最佳 56 | J11: 3T CYBER PURPLE.jpg
A12: #3T PINK BLUSH | B12: IT'S A WIG | C12: 1 | D12: WIG | E12: https://herabeauty.ca/products/synthetic-hd-lace-front-wig-julietta | F12: 缺图 | H12: 最佳 51 | J12: 3T PINK BLUSH.jpg
A13: #3T/HM GREY | B13: IT'S A WIG | C13: 5 | D13: WIG | E13: https://herabeauty.ca/products/synthetic-full-cap-wig-denisa | F13: 缺图 | H13: 最佳 57 | J13: 3T-HM GREY.jpg
A14: #3T5004 | B14: IT'S A WIG | C14: 1 | D14: WIG | E14: https://herabeauty.ca/products/synthetic-curly-half-wig-novia | F14: 完全匹配 | G14: 3T5004.jpg | H14: 完全 | J14: 3T5004.jpg
A15: #3TT27/613 | B15: IT'S A WIG | C15: 1 | D15: WIG | E15: https://herabeauty.ca/products/synthetic-full-wig-for-women-q-nory | F15: 完全匹配 | G15: 3TT27_613.jpg | H15: 完全 | J15: 3TT27-613.jpg
A16: #4 | B16: IT'S A WIG | C16: 6 | D16: WIG | E16: https://herabeauty.ca/products/its-a-wig-synthetic-half-wig-aggie | F16: 完全匹配 | G16: 4.jpg | H16: 完全 | J16: 4.jpg
A17: #613 | B17: IT'S A WIG | C17: 12 | D17: WIG | E17: https://herabeauty.ca/products/synthetic-13x6-lace-frontal-wig-divine | F17: 完全匹配 | G17: 613.jpg | H17: 完全 | J17: 613.jpg
A18: #99J | B18: IT'S A WIG | C18: 6 | D18: WIG | E18: https://herabeauty.ca/products/full-cap-simone | F18: 完全匹配 | G18: 99J.jpg | H18: 完全 | J18: 99J.jpg
A19: #BALAYAGE AUTUMN BROWN | B19: IT'S A WIG | C19: 1 | D19: WIG | E19: https://herabeauty.ca/products/4x4-lace-front-boho-box-wig | F19: 缺图 | H19: 最佳 62 | J19: BALAYAGE AUTUMN BROWN.jpg
A20: #BALAYAGE CARAMEL | B20: IT'S A WIG | C20: 7 | D20: WIG | E20: https://herabeauty.ca/products/wig-fw-bang-kimony | F20: 缺图 | H20: 最佳 57 | J20: BALAYAGE CARAMEL.jpg
A21: #BALAYAGE CHAMPAGNE | B21: IT'S A WIG | C21: 3 | D21: WIG | E21: https://herabeauty.ca/products/headband-wig-curly-glow | F21: 缺图 | H21: 最佳 58 | J21: BALAYAGE CHAMPAGNE.jpg
A22: #BALAYAGE CHOCOLATE | B22: IT'S A WIG | C22: 2 | D22: WIG | E22: https://herabeauty.ca/products/bff-lace-dannie | F22: 缺图 | H22: 最佳 52 | J22: BALAYAGE CHOCOLATE.jpg
A23: #BALAYAGE COOL BLONDE | B23: IT'S A WIG | C23: 3 | D23: WIG | E23: https://herabeauty.ca/products/bff-lace-dannie | F23: 缺图 | H23: 最佳 55 | J23: BALAYAGE COOL BLONDE.jpg
A24: #BALAYAGE COPPER | B24: IT'S A WIG | C24: 1 | D24: WIG | E24: https://herabeauty.ca/products/4x4-lace-front-boho-box-wig | F24: 可能匹配 | G24: BALAYAGE_COPPER_BROWN.jpg | H24: 缩写 85 | J24: BALAYAGE COPPER.jpg
A25: #BALAYAGE COPPER ESPRESSO | B25: IT'S A WIG | C25: 5 | D25: WIG | E25: https://herabeauty.ca/products/illuze-lace-13x4-loretta | F25: 缺图 | H25: 最佳 66 | J25: BALAYAGE COPPER ESPRESSO.jpg
A26: #BALAYAGE FANCY BRONZE | B26: IT'S A WIG | C26: 6 | D26: WIG | E26: https://herabeauty.ca/products/wig-fw-bang-kimony | F26: 缺图 | H26: 最佳 58 | J26: BALAYAGE FANCY BRONZE.jpg
A27: #BALAYAGE RALLY RED | B27: IT'S A WIG | C27: 1 | D27: WIG | E27: https://herabeauty.ca/products/nutique-glenda-18-inch-lace-front-wig | F27: 缺图 | H27: 最佳 60 | J27: BALAYAGE RALLY RED.jpg
A28: #BALAYAGE SUNDOWN CARAMEL | B28: IT'S A WIG | C28: 1 | D28: WIG | E28: https://herabeauty.ca/products/wig-lace-anett | F28: 缺图 | H28: 最佳 46 | J28: BALAYAGE SUNDOWN CARAMEL.jpg
A29: #BURG | B29: IT'S A WIG | C29: 6 | D29: WIG | E29: https://herabeauty.ca/products/13x4-lace-front-wig-straight-22 | F29: 完全匹配 | G29: BURG.jpg | H29: 完全 | J29: BURG.jpg
A30: #BURGUNDY | B30: IT'S A WIG | C30: 6 | D30: WIG | E30: https://herabeauty.ca/products/bbf-lace-front-best | F30: 可能匹配 | G30: BURG.jpg | H30: 逐段缩写 88 | J30: BURGUNDY.jpg
A31: #BURGUNDY ANGEL | B31: IT'S A WIG | C31: 8 | D31: WIG | E31: https://herabeauty.ca/products/bff-tp-mirella | F31: 缺图 | H31: 最佳 52 | J31: BURGUNDY ANGEL.jpg
A32: #BUTTER SCOTCH MELT | B32: IT'S A WIG | C32: 1 | D32: WIG | E32: https://herabeauty.ca/products/wig-fw-britty | F32: 可能匹配 | G32: BUTTERSCOTCH.jpg | H32: 缩写 85 | J32: BUTTER SCOTCH MELT.jpg
A33: #BUTTERSCOTCH | B33: IT'S A WIG | C33: 3 | D33: WIG | E33: https://herabeauty.ca/products/bbf-lace-front-best | F33: 完全匹配 | G33: BUTTERSCOTCH.jpg | H33: 完全 | J33: BUTTERSCOTCH.jpg
A34: #CARAMEL | B34: IT'S A WIG | C34: 3 | D34: WIG | E34: https://herabeauty.ca/products/bbf-lace-front-best | F34: 缺图 | H34: 最佳 74 | I34: NAT_CARAMEL.jpg (70); NTT_CARAMEL.jpg (70); 3NTT_CARAMEL.jpg (60) | J34: CARAMEL.jpg
A35: #CARAMEL DRIZZLE | B35: IT'S A WIG | C35: 2 | D35: WIG | E35: https://herabeauty.ca/products/illuze-string-up-360-13x4-lace-wig-billie | F35: 缺图 | H35: 最佳 53 | J35: CARAMEL DRIZZLE.jpg
A36: #CARROT COPPER | B36: IT'S A WIG | C36: 1 | D36: WIG | E36: https://herabeauty.ca/products/nutique-illuze-full-lace-wig | F36: 缺图 | H36: 最佳 65 | J36: CARROT COPPER.jpg
A37: #CHARCOAL GREY | B37: IT'S A WIG | C37: 1 | D37: WIG | E37: https://herabeauty.ca/products/full-cap-simone | F37: 完全匹配 | G37: CHARCOAL_GREY.jpg | H37: 完全 | J37: CHARCOAL GREY.jpg
A38: #CHERRY COLA | B38: IT'S A WIG | C38: 2 | D38: WIG | E38: https://herabeauty.ca/products/illuze-string-up-360-13x4-lace-wig-billie | F38: 缺图 | H38: 最佳 54 | J38: CHERRY COLA.jpg
A39: #CHESTNUT BROWN | B39: IT'S A WIG | C39: 3 | D39: WIG | E39: https://herabeauty.ca/products/bff-tp-mirella | F39: 完全匹配 | G39: CHESTNUT_BROWN.jpg | H39: 完全 | J39: CHESTNUT BROWN.jpg
A40: #CHIC GREY | B40: IT'S A WIG | C40: 4 | D40: WIG | E40: https://herabeauty.ca/products/premium-synthetic-wig-cassidy | F40: 缺图 | H40: 最佳 60 | J40: CHIC GREY.jpg
A41: #COPPER BROWN | B41: IT'S A WIG | C41: 2 | D41: WIG | E41: https://herabeauty.ca/products/hd-lace-front-wig-alana | F41: 可能匹配 | G41: FF_COPPER_BROWN.jpg | H41: 相似 78 | I41: NAT_COPPER_BROWN.jpg (75); BALAYAGE_COPPER_BROWN.jpg (62); FF_COPPER_AUBURN.jpg (61) | J41: COPPER BROWN.jpg
A42: #CRUSHED RED | B42: IT'S A WIG | C42: 1 | D42: WIG | E42: https://herabeauty.ca/products/synthetic-hd-lace-front-wig-julietta | F42: 缺图 | H42: 最佳 54 | J42: CRUSHED RED.jpg
A43: #DARK BLUE | B43: IT'S A WIG | C43: 1 | D43: WIG | E43: https://herabeauty.ca/products/swiss-lace-karleen | F43: 完全匹配 | G43: DARK_BLUE.jpg | H43: 完全 | J43: DARK BLUE.jpg
A44: #DEEP RED | B44: IT'S A WIG | C44: 2 | D44: WIG | E44: https://herabeauty.ca/products/synthetic-full-cap-wig-for-women | F44: 完全匹配 | G44: DEEP_RED.jpg | H44: 完全 | J44: DEEP RED.jpg
A45: #DULCE DE LECHE | B45: IT'S A WIG | C45: 1 | D45: WIG | E45: https://herabeauty.ca/products/synthetic-full-cap-wig-denisa | F45: 缺图 | H45: 最佳 44 | J45: DULCE DE LECHE.jpg
A46: #DX2216 | B46: IT'S A WIG | C46: 4 | D46: WIG | E46: https://herabeauty.ca/products/full-cap-wig-for-women-hazel | F46: 完全匹配 | G46: DX2216.jpg | H46: 完全 | J46: DX2216.jpg
A47: #DX3147 | B47: IT'S A WIG | C47: 5 | D47: WIG | E47: https://herabeauty.ca/products/full-cap-wig-for-women-hazel | F47: 完全匹配 | G47: DX3147.jpg | H47: 完全 | J47: DX3147.jpg
A48: #DX4130 | B48: IT'S A WIG | C48: 1 | D48: WIG | E48: https://herabeauty.ca/products/full-cap-wig-for-women-hazel | F48: 完全匹配 | G48: DX4130.jpg | H48: 完全 | J48: DX4130.jpg
A49: #DX4145 | B49: IT'S A WIG | C49: 1 | D49: WIG | E49: https://herabeauty.ca/products/full-cap-wig-for-women-hazel | F49: 完全匹配 | G49: DX4145.jpg | H49: 完全 | J49: DX4145.jpg
A50: #F30/AUTUMN AUBURN | B50: IT'S A WIG | C50: 1 | D50: WIG | E50: https://herabeauty.ca/products/premium-synthetic-wig-with-bangs-bridget | F50: 缺图 | H50: 最佳 50 | J50: F30-AUTUMN AUBURN.jpg
A51: #F430/27 | B51: IT'S A WIG | C51: 5 | D51: WIG | E51: https://herabeauty.ca/products/bff-part-lace-lilia-wig | F51: 缺图 | H51: 最佳 53 | J51: F430-27.jpg
A52: #FF BLAZING ORANGE | B52: IT'S A WIG | C52: 1 | D52: WIG | E52: https://herabeauty.ca/products/hd-lace-front-wig-zarina | F52: 缺图 | H52: 最佳 50 | J52: FF BLAZING ORANGE.jpg
A53: #FF CREAMY LATTE | B53: IT'S A WIG | C53: 1 | D53: WIG | E53: https://herabeauty.ca/products/hd-lace-front-wig-becca | F53: 完全匹配 | G53: FF_CREAMY_LATTE.jpg | H53: 完全 | J53: FF CREAMY LATTE.jpg
A54: #FF DARK WALNUT | B54: IT'S A WIG | C54: 1 | D54: WIG | E54: https://herabeauty.ca/products/hd-lace-front-wig-zarina | F54: 缺图 | H54: 最佳 51 | J54: FF DARK WALNUT.jpg
A55: #FF GOLDEN LIGHT CARAMEL | B55: IT'S A WIG | C55: 1 | D55: WIG | E55: https://herabeauty.ca/products/hd-lace-front-wig-zarina | F55: 完全匹配 | G55: FF_GOLDEN_LIGHT_CARAMEL.jpg | H55: 完全 | J55: FF GOLDEN LIGHT CARAMEL.jpg
A56: #FF HONEY BROWN | B56: IT'S A WIG | C56: 1 | D56: WIG | E56: https://herabeauty.ca/products/synthetic-hd-lace-front-wig-julietta | F56: 可能匹配 | G56: HONEY_BROWN.jpg | H56: 相似 77 | I56: FF_HONEY_BLONDE.jpg (68); FF_COPPER_BROWN.jpg (61); TFF_HONEY_AMBER.jpg (61) | J56: FF HONEY BROWN.jpg
A57: #FF JAZZY COPPER | B57: IT'S A WIG | C57: 4 | D57: WIG | E57: https://herabeauty.ca/products/nutique-illuze-livia-hd-lace-wig | F57: 缺图 | H57: 最佳 55 | J57: FF JAZZY COPPER.jpg
A58: #FF JAZZY GREEN | B58: IT'S A WIG | C58: 4 | D58: WIG | E58: https://herabeauty.ca/products/nutique-illuze-livia-hd-lace-wig | F58: 缺图 | H58: 最佳 54 | J58: FF JAZZY GREEN.jpg
A59: #FF JUPITER BROWN | B59: IT'S A WIG | C59: 1 | D59: WIG | E59: https://herabeauty.ca/products/nutique-premium-synthetic-full-wig-damonica | F59: 缺图 | H59: 最佳 63 | J59: FF JUPITER BROWN.jpg
A60: #FL1B/30 | B60: IT'S A WIG | C60: 4 | D60: WIG | E60: https://herabeauty.ca/products/premium-synthetic-wig-cassidy | F60: 可能匹配 | G60: FTL1B_30.jpg | H60: 缩写 87 | I60: FM1B_30.jpg (71); FW1B30.jpg (71); P1B_30.jpg (62) | J60: FL1B-30.jpg
A61: #FLAMBOYAGE AUTUMN BROWN | B61: IT'S A WIG | C61: 5 | D61: WIG | E61: https://herabeauty.ca/products/illuze-13x4-flip-up-lace-front-lenora | F61: 缺图 | H61: 最佳 58 | J61: FLAMBOYAGE AUTUMN BROWN.jpg
A62: #FLAMBOYAGE BUTTER SCOTCH | B62: IT'S A WIG | C62: 8 | D62: WIG | E62: https://herabeauty.ca/products/headband-wig-curly-glam | F62: 缺图 | H62: 最佳 60 | J62: FLAMBOYAGE BUTTER SCOTCH.jpg
A63: #FLAMBOYAGE COPPER | B63: IT'S A WIG | C63: 6 | D63: WIG | E63: https://herabeauty.ca/products/headband-wig-curly-glow | F63: 缺图 | H63: 最佳 58 | J63: FLAMBOYAGE COPPER.jpg
A64: #FLAMBOYAGE GOLDEN GINGER | B64: IT'S A WIG | C64: 5 | D64: WIG | E64: https://herabeauty.ca/products/illuze-13x4-flip-up-lace-front-lenora | F64: 缺图 | H64: 最佳 54 | J64: FLAMBOYAGE GOLDEN GINGER.jpg
A65: #FM1B/30 | B65: IT'S A WIG | C65: 2 | D65: WIG | E65: https://herabeauty.ca/products/hd-lace-front-wig-becca | F65: 完全匹配 | G65: FM1B_30.jpg | H65: 完全 | J65: FM1B-30.jpg
A66: #FW1B/99 | B66: IT'S A WIG | C66: 1 | D66: WIG | E66: https://herabeauty.ca/products/water-wave-twist-wig-24-inch | F66: 缺图 | H66: 最佳 57 | J66: FW1B-99.jpg
A67: #FW1B30 | B67: IT'S A WIG | C67: 1 | D67: WIG | E67: https://herabeauty.ca/products/water-wave-twist-wig-24-inch | F67: 完全匹配 | G67: FW1B30.jpg | H67: 完全 | J67: FW1B30.jpg
A68: #GREEN | B68: IT'S A WIG | C68: 1 | D68: WIG | E68: https://herabeauty.ca/products/swiss-lace-karleen | F68: 完全匹配 | G68: GREEN.jpg | H68: 完全 | J68: GREEN.jpg
A69: #GREY | B69: IT'S A WIG | C69: 2 | D69: WIG | E69: https://herabeauty.ca/products/premium-synthetic-wig-with-bangs | F69: 完全匹配 | G69: GREY.jpeg | H69: 完全 | J69: GREY.jpeg
A70: #HM4/27 | B70: IT'S A WIG | C70: 1 | D70: WIG | E70: https://herabeauty.ca/products/synthetic-full-cap-wig-wenny | F70: 缺图 | H70: 最佳 68 | I70: HM4_27_30.jpg (60); HM42730.jpg (60) | J70: HM4-27.jpg
A71: #HONEY BROWN | B71: IT'S A WIG | C71: 3 | D71: WIG | E71: https://herabeauty.ca/products/hd-13x6-lace-front-wig-asia | F71: 完全匹配 | G71: HONEY_BROWN.jpg | H71: 完全 | J71: HONEY BROWN.jpg
A72: #HS1B/27 | B72: IT'S A WIG | C72: 1 | D72: WIG | E72: https://herabeauty.ca/products/short-full-cap-wig-for-women-brittan | F72: 完全匹配 | G72: HS1B_27.jpg | H72: 完全 | J72: HS1B-27.jpg
A73: #HS1B/30 | B73: IT'S A WIG | C73: 1 | D73: WIG | E73: https://herabeauty.ca/products/short-full-cap-wig-for-women-brittan | F73: 缺图 | H73: 最佳 71 | I73: HH_P1B_30.jpg (65); P1B_30.jpg (62); T1B30.jpg (62) | J73: HS1B-30.jpg
A74: #INTENSE RED | B74: IT'S A WIG | C74: 2 | D74: WIG | E74: https://herabeauty.ca/products/hd-lace-crimpy-water-wave | F74: 完全匹配 | G74: INTENSE_RED.jpg | H74: 完全 | J74: INTENSE RED.jpg
A75: #LT27/1 | B75: IT'S A WIG | C75: 1 | D75: WIG | E75: https://herabeauty.ca/products/hd-lace-front-wig-blonde-arabella | F75: 缺图 | H75: 最佳 58 | J75: LT27-1.jpg
A76: #LT613/PINK | B76: IT'S A WIG | C76: 1 | D76: WIG | E76: https://herabeauty.ca/products/hd-lace-front-wig-blonde-arabella | F76: 缺图 | H76: 最佳 57 | J76: LT613-PINK.jpg
A77: #LTBLONDE/KHAKI | B77: IT'S A WIG | C77: 1 | D77: WIG | E77: https://herabeauty.ca/products/hd-lace-front-wig-blonde-arabella | F77: 缺图 | H77: 最佳 50 | J77: LTBLONDE-KHAKI.jpg
A78: #LX3347 | B78: IT'S A WIG | C78: 1 | D78: WIG | E78: https://herabeauty.ca/products/its-a-wig-synthetic-half-wig-aggie | F78: 完全匹配 | G78: LX3347.jpg | H78: 完全 | J78: LX3347.jpg
A79: #LX9953 | B79: IT'S A WIG | C79: 1 | D79: WIG | E79: https://herabeauty.ca/products/its-a-wig-synthetic-half-wig-aggie | F79: 完全匹配 | G79: LX9953.jpg | H79: 完全 | J79: LX9953.jpg
A80: #M1B/99J | B80: IT'S A WIG | C80: 1 | D80: WIG | E80: https://herabeauty.ca/products/hd-lace-part-wig-catalina | F80: 完全匹配 | G80: M1B_99J.jpg | H80: 完全 | J80: M1B-99J.jpg
A81: #M2/4 | B81: IT'S A WIG | C81: 1 | D81: WIG | E81: https://herabeauty.ca/products/short-full-cap-wig-for-women-brittan | F81: 完全匹配 | G81: M2_4.jpg | H81: 完全 | J81: M2-4.jpg
A82: #M27/333 | B82: IT'S A WIG | C82: 1 | D82: WIG | E82: https://herabeauty.ca/products/wig-fw-britty | F82: 缺图 | H82: 最佳 60 | J82: M27-333.jpg
A83: #M4/27/30 | B83: IT'S A WIG | C83: 1 | D83: WIG | E83: https://herabeauty.ca/products/swiss-lace-karleen | F83: 完全匹配 | G83: M4_27_30.jpg | H83: 完全 | J83: M4-27-30.jpg
A84: #M4/30 | B84: IT'S A WIG | C84: 1 | D84: WIG | E84: https://herabeauty.ca/products/hd-lace-part-wig-catalina | F84: 可能匹配 | G84: HM4_30.jpg | H84: 相似 76 | I84: P4_30.jpg (64); T430.jpg (64); M4_27_30.jpg (60) | J84: M4-30.jpg
A85: #NATURAL | B85: IT'S A WIG | C85: 2 | D85: WIG | E85: https://herabeauty.ca/products/100-percent-human-hair-bob-wig-10-inch | F85: 可能匹配 | G85: NATURAL_GOLD.jpg | H85: 缩写 83 | I85: NATURAL_BLACK.jpg (82); NATURAL_BROWN.jpg (82); NATURAL_COLOR.jpg (82) | J85: NATURAL.jpg
A86: #NATURAL BLACK | B86: IT'S A WIG | C86: 2 | D86: WIG | E86: https://herabeauty.ca/products/100-percent-human-hair-bob-wig-10-inch | F86: 完全匹配 | G86: NATURAL_BLACK.jpg | H86: 完全 | J86: NATURAL BLACK.jpg
A87: #NATURAL CARAMEL | B87: IT'S A WIG | C87: 1 | D87: WIG | E87: https://herabeauty.ca/products/wig-lace-13x5-liana | F87: 可能匹配 | G87: NAT_CARAMEL.jpg | H87: 逐段缩写 88 | I87: NATURAL_CARAMEL_CLUSTER.jpg (83); NTT_CARAMEL.jpg (64); NATURAL_CHAMPAGNE.jpg (62) | J87: NATURAL CARAMEL.jpg
A88: #NATURAL COPPER BROWN | B88: IT'S A WIG | C88: 1 | D88: WIG | E88: https://herabeauty.ca/products/wig-lace-13x5-liana | F88: 可能匹配 | G88: NAT_COPPER_BROWN.jpg | H88: 逐段缩写 88 | I88: NATURAL_BROWN.jpg (83); NAT_COPPER.jpg (80); FF_COPPER_BROWN.jpg (60) | J88: NATURAL COPPER BROWN.jpg
A89: #NATURAL HONEY GLAZE BROWN | B89: IT'S A WIG | C89: 1 | D89: WIG | E89: https://herabeauty.ca/products/wig-lace-13x5-liana | F89: 可能匹配 | G89: NAT_HONEY_GLAZE_BROWN.jpg | H89: 逐段缩写 88 | I89: NATURAL_BROWN.jpg (81); NAT_HONEY_GLAZED.jpg (61) | J89: NATURAL HONEY GLAZE BROWN.jpg
A90: #OMT BLUE/BLONDE | B90: IT'S A WIG | C90: 1 | D90: WIG | E90: https://herabeauty.ca/products/lace-front-wig-crimped-hair-5 | F90: 完全匹配 | G90: OMT_BLUE_BLONDE.jpg | H90: 完全 | J90: OMT BLUE-BLONDE.jpg
A91: #OMT GREEN/BLONDE | B91: IT'S A WIG | C91: 1 | D91: WIG | E91: https://herabeauty.ca/products/lace-front-wig-crimped-hair-5 | F91: 完全匹配 | G91: OMT_GREEN_BLONDE.jpg | H91: 完全 | J91: OMT GREEN-BLONDE.jpg
A92: #OMT OR/BLONDE | B92: IT'S A WIG | C92: 1 | D92: WIG | E92: https://herabeauty.ca/products/lace-front-wig-crimped-hair-5 | F92: 完全匹配 | G92: OMT_OR_BLONDE.jpg | H92: 完全 | J92: OMT OR-BLONDE.jpg
A93: #OMT RED/BLONDE | B93: IT'S A WIG | C93: 1 | D93: WIG | E93: https://herabeauty.ca/products/lace-front-wig-crimped-hair-5 | F93: 完全匹配 | G93: OMT_RED_BLONDE.jpg | H93: 完全 | J93: OMT RED-BLONDE.jpg
A94: #OMT1B/BURG | B94: IT'S A WIG | C94: 2 | D94: WIG | E94: https://herabeauty.ca/products/hd-lace-wig-dewii | F94: 完全匹配 | G94: OMT1BBURG.jpg | H94: 完全 | J94: OMT1B-BURG.jpg
A95: #OMT1B/CARAMEL NIGHT | B95: IT'S A WIG | C95: 2 | D95: WIG | E95: https://herabeauty.ca/products/hd-lace-wig-dewii | F95: 完全匹配 | G95: OMT1B_CARAMEL_NIGHT.jpg | H95: 完全 | J95: OMT1B-CARAMEL NIGHT.jpg
A96: #P1B/30 | B96: IT'S A WIG | C96: 32 | D96: WIG | E96: https://herabeauty.ca/products/bff-tp-celine | F96: 完全匹配 | G96: P1B_30.jpg | H96: 完全 | J96: P1B-30.jpg
A97: #P1B/33 | B97: IT'S A WIG | C97: 3 | D97: WIG | E97: https://herabeauty.ca/products/braid-lace-front-wig-yolanda | F97: 完全匹配 | G97: P1B_33.jpg | H97: 完全 | J97: P1B-33.jpg
A98: #P4/27 | B98: IT'S A WIG | C98: 2 | D98: WIG | E98: https://herabeauty.ca/products/braid-lace-rosemary | F98: 完全匹配 | G98: P4_27.jpg | H98: 完全 | J98: P4-27.jpg
A99: #P4/27/30 | B99: IT'S A WIG | C99: 24 | D99: WIG | E99: https://herabeauty.ca/products/wig-fw-britty | F99: 完全匹配 | G99: P4_27_30.jpg | H99: 完全 | J99: P4-27-30.jpg
A100: #P4/30 | B100: IT'S A WIG | C100: 10 | D100: WIG | E100: https://herabeauty.ca/products/bff-tp-rayssa | F100: 完全匹配 | G100: P4_30.jpg | H100: 完全 | J100: P4-30.jpg
...

Sheet SENSATIONNEL
A1: 色号 (variant name) | B1: Vendor | C1: 产品数 | D1: Type | E1: 示例产品 | F1: 状态 | G1: 匹配文件 | H1: 匹配方式/分数 | I1: 其他候选 | J1: 建议文件名 | K1: 确认后的文件（手填）
A2: #1 | B2: SENSATIONNEL | C2: 200 | D2: WIG/BRAID/HAIR | E2: https://herabeauty.ca/products/wig-lace-13x5-water-deep-16 | F2: 完全匹配 | G2: 1.jpg | H2: 完全 | J2: 1.jpg
A3: #1B | B3: SENSATIONNEL | C3: 201 | D3: WIG/BRAID/HAIR | E3: https://herabeauty.ca/products/wig-lace-13x5-water-deep-16 | F3: 完全匹配 | G3: 1B.jpg | H3: 完全 | J3: 1B.jpg
A4: #2 | B4: SENSATIONNEL | C4: 192 | D4: WIG/BRAID/HAIR | E4: https://herabeauty.ca/products/wig-lace-13x5-water-deep-16 | F4: 完全匹配 | G4: 2.jpg | H4: 完全 | J4: 2.jpg
A5: #27 | B5: SENSATIONNEL | C5: 19 | D5: BRAID/HAIR | E5: https://herabeauty.ca/products/ruwa-loc-extension | F5: 完全匹配 | G5: 27.jpg | H5: 完全 | J5: 27.jpg
A6: #30 | B6: SENSATIONNEL | C6: 27 | D6: BRAID/HAIR | E6: https://herabeauty.ca/products/premium-too-feather-crochet-burmese-curl | F6: 完全匹配 | G6: 30.jpg | H6: 完全 | J6: 30.jpg
A7: #33 | B7: SENSATIONNEL | C7: 1 | D7: HAIR | E7: https://herabeauty.ca/products/premium-now-100-human-hair-yaki | F7: 完全匹配 | G7: 33.jpg | H7: 完全 | J7: 33.jpg
A8: #3T2/27/613 | B8: SENSATIONNEL | C8: 1 | D8: BRAID | E8: https://herabeauty.ca/products/pre-stretched-braiding-hair-58-inch | F8: 完全匹配 | G8: 3T2-27-613.jpg | H8: 完全 | J8: 3T2-27-613.jpg
A9: #3T2/30/27 | B9: SENSATIONNEL | C9: 1 | D9: BRAID | E9: https://herabeauty.ca/products/pre-stretched-braiding-hair-58-inch | F9: 完全匹配 | G9: 3T2-30-27.jpg | H9: 完全 | J9: 3T2-30-27.jpg
A10: #4 | B10: SENSATIONNEL | C10: 78 | D10: BRAID/HAIR/WIG | E10: https://herabeauty.ca/products/premium-too-feather-crochet-burmese-curl | F10: 完全匹配 | G10: 4.jpg | H10: 完全 | J10: 4.jpg
A11: #613 | B11: SENSATIONNEL | C11: 36 | D11: BRAID/HAIR/WIG | E11: https://herabeauty.ca/products/lulutress-passion-twist | F11: 完全匹配 | G11: 613.jpg | H11: 完全 | J11: 613.jpg
A12: #99J | B12: SENSATIONNEL | C12: 20 | D12: BRAID/HAIR/WIG | E12: https://herabeauty.ca/products/lulutress-passion-twist | F12: 缺图 | H12: 最佳 60 | J12: 99J.jpg
A13: #APPLE RED | B13: SENSATIONNEL | C13: 2 | D13: WIG | E13: https://herabeauty.ca/products/shear-muse-takeisha-26 | F13: 可能匹配 | G13: APPLE-RED-FIRE-RED-NRED.jpg | H13: 缩写 78 | I13: Copper-Red.jpg (60); Apple-Red-1.jpg (60) | J13: APPLE RED.jpg
A14: #APPLERED/FIRERED/NRED | B14: SENSATIONNEL | C14: 1 | D14: BRAID | E14: https://herabeauty.ca/products/pre-stretched-braiding-hair-58-inch | F14: 完全匹配 | G14: APPLE-RED-FIRE-RED-NRED.jpg | H14: 完全 | J14: APPLERED-FIRERED-NRED.jpg
A15: #ASH PEACH BLONDE | B15: SENSATIONNEL | C15: 4 | D15: WIG | E15: https://herabeauty.ca/products/glamzy-lace-crown-full-wig-cherry-22 | F15: 缺图 | H15: 最佳 65 | I15: super-blonde.jpg (61); ASHBLONDE-2.jpg (60); ASHPEACHBLONDE-1.jpg (60) | J15: ASH PEACH BLONDE.jpg
A16: #ASHY BLUE | B16: SENSATIONNEL | C16: 1 | D16: WIG | E16: https://herabeauty.ca/products/dashly-lace-front-wig-unit-55 | F16: 缺图 | H16: 最佳 64 | J16: ASHY BLUE.jpg
A17: #AUTUMN | B17: SENSATIONNEL | C17: 1 | D17: WIG | E17: https://herabeauty.ca/products/human-hair-full-cap-wig-fab-fringe | F17: 完全匹配 | G17: autumn.jpg | H17: 完全 | J17: AUTUMN.jpg
A18: #BALAYAGE ASHBLONDE | B18: SENSATIONNEL | C18: 3 | D18: WIG | E18: https://herabeauty.ca/products/chic-bob-wig-for-women-unit-8 | F18: 完全匹配 | G18: BALAYAGE-ASHBLONDE.jpg | H18: 完全 | J18: BALAYAGE ASHBLONDE.jpg
A19: #BALAYAGE AUBURN | B19: SENSATIONNEL | C19: 3 | D19: WIG/HAIR | E19: https://herabeauty.ca/products/glamzy-lace-crown-full-wig-zoeey-22 | F19: 缺图 | H19: 最佳 68 | I19: BALAYAGE-ASHBLONDE.jpg (60); Balayage-Auburn-1.jpg (60) | J19: BALAYAGE AUBURN.jpg
A20: #BALAYAGE BLONDE | B20: SENSATIONNEL | C20: 1 | D20: WIG | E20: https://herabeauty.ca/products/butta-lace-crimp-vibe | F20: 可能匹配 | G20: BALAYAGE-ASHBLONDE.jpg | H20: 缩写 86 | I20: Balayage-Buttery-Blonde.jpg (83); Balayage-Vanilla-Blonde.jpg (83); FLAMBOYAGEBLONDE.jpg (68) | J20: BALAYAGE BLONDE.jpg
A21: #BALAYAGE CARAMEL | B21: SENSATIONNEL | C21: 17 | D21: WIG | E21: https://herabeauty.ca/products/dashly-full-cap-unit-27 | F21: 完全匹配 | G21: Balayage-Caramel.jpg | H21: 完全 | J21: BALAYAGE CARAMEL.jpg
A22: #BALAYAGE CHARCOAL ROSE | B22: SENSATIONNEL | C22: 1 | D22: WIG | E22: https://herabeauty.ca/products/hexdoll-raven | F22: 缺图 | H22: 最佳 64 | I22: Balayage-Caramel.jpg (63) | J22: BALAYAGE CHARCOAL ROSE.jpg
A23: #BALAYAGE CHOCOLATE | B23: SENSATIONNEL | C23: 24 | D23: WIG/HAIR | E23: https://herabeauty.ca/products/wig-lace-13x5-water-deep-16 | F23: 完全匹配 | G23: Balayage-Chocolate.jpg | H23: 完全 | J23: BALAYAGE CHOCOLATE.jpg
A24: #BALAYAGE COPPER | B24: SENSATIONNEL | C24: 1 | D24: WIG | E24: https://herabeauty.ca/products/lace-front-wig-with-90s-bangs | F24: 完全匹配 | G24: Balayage-Copper.jpg | H24: 完全 | J24: BALAYAGE COPPER.jpg
A25: #BALAYAGE CRAMEL | B25: SENSATIONNEL | C25: 1 | D25: WIG | E25: https://herabeauty.ca/products/cloud-9-hd-lace-wig-elena | F25: 可能匹配 | G25: Balayage-Caramel.jpg | H25: 缩写 89 | I25: FLAMBOYAGECARAMEL.jpg (66); Balayage-Copper.jpg (61); Balayage-Chocolate.jpg (60) | J25: BALAYAGE CRAMEL.jpg
A26: #BALAYAGE GOLD | B26: SENSATIONNEL | C26: 17 | D26: WIG | E26: https://herabeauty.ca/products/glamzy-lace-crown-full-wig-zoeey-22 | F26: 完全匹配 | G26: Balayage-Gold.jpg | H26: 完全 | J26: BALAYAGE GOLD.jpg
A27: #BALAYAGE HAZELNUT | B27: SENSATIONNEL | C27: 16 | D27: WIG | E27: https://herabeauty.ca/products/wig-hw-up-down-27 | F27: 缺图 | H27: 最佳 60 | I27: Balayage-Hazelnut-1.jpg (60) | J27: BALAYAGE HAZELNUT.jpg
A28: #BALAYAGE LATTE | B28: SENSATIONNEL | C28: 2 | D28: WIG | E28: https://herabeauty.ca/products/butta-lace-unit-29-wig | F28: 缺图 | H28: 最佳 68 | I28: Balayage-Gold.jpg (61); Balayage-Latte-1.jpg (60) | J28: BALAYAGE LATTE.jpg
A29: #BALAYAGE LIGHTASHBLONDE | B29: SENSATIONNEL | C29: 1 | D29: WIG | E29: https://herabeauty.ca/products/dashly-unit-21-wig | F29: 可能匹配 | G29: BALAYAGE-ASHBLONDE.jpg | H29: 缩写 85 | I29: Balayage-Vanilla-Blonde.jpg (63); FLAMBOYAGEASHBLONDE.jpg (62); Balayage-Blonde-1.jpg (60) | J29: BALAYAGE LIGHTASHBLONDE.jpg
A30: #BALAYAGE MOCHA | B30: SENSATIONNEL | C30: 19 | D30: WIG | E30: https://herabeauty.ca/products/wig-lace-13x5-water-deep-16 | F30: 缺图 | H30: 最佳 67 | I30: Balayage-Chocolate.jpg (62); Balayage-Gold.jpg (61); Balayage-Macchiato-1.jpg (60) | J30: BALAYAGE MOCHA.jpg
A31: #BALAYAGE MUSHROOM BLONDE | B31: SENSATIONNEL | C31: 1 | D31: WIG | E31: https://herabeauty.ca/products/shear-muse-mystic-krush-esme | F31: 缺图 | H31: 最佳 70 | I31: Balayage-Buttery-Blonde.jpg (63); Balayage-Blonde-1.jpg (60); Balayage-Medium-Blonde-1.jpg (60) | J31: BALAYAGE MUSHROOM BLONDE.jpg
A32: #BALAYAGE MUSHROOM BROWN | B32: SENSATIONNEL | C32: 1 | D32: WIG | E32: https://herabeauty.ca/products/shear-muse-mystic-krush-esme | F32: 缺图 | H32: 最佳 65 | J32: BALAYAGE MUSHROOM BROWN.jpg
A33: #BALAYAGE OLIVE BEIGE | B33: SENSATIONNEL | C33: 1 | D33: WIG | E33: https://herabeauty.ca/products/shear-muse-mystic-krush-esme | F33: 缺图 | H33: 最佳 61 | J33: BALAYAGE OLIVE BEIGE.jpg
A34: #BALAYAGE PLATINUM | B34: SENSATIONNEL | C34: 3 | D34: WIG | E34: https://herabeauty.ca/products/butta-lace-wig-pre-cut-unit-15 | F34: 缺图 | H34: 最佳 60 | I34: Balayage-Platinum-1.jpg (60) | J34: BALAYAGE PLATINUM.jpg
A35: #BALAYAGE SMOKY CHARCOAL | B35: SENSATIONNEL | C35: 1 | D35: WIG | E35: https://herabeauty.ca/products/shear-muse-mystic-krush-esme | F35: 缺图 | H35: 最佳 65 | I35: Balayage-Caramel.jpg (61) | J35: BALAYAGE SMOKY CHARCOAL.jpg
A36: #BALAYAGE SMOKY ESPRESSO | B36: SENSATIONNEL | C36: 1 | D36: WIG | E36: https://herabeauty.ca/products/shear-muse-mystic-krush-esme | F36: 缺图 | H36: 最佳 65 | J36: BALAYAGE SMOKY ESPRESSO.jpg
A37: #BALAYAGE SUNKISSED | B37: SENSATIONNEL | C37: 6 | D37: WIG | E37: https://herabeauty.ca/products/dashly-full-cap-unit-27 | F37: 缺图 | H37: 最佳 60 | J37: BALAYAGE SUNKISSED.jpg
A38: #BEIGE ASH BLONDE | B38: SENSATIONNEL | C38: 2 | D38: WIG | E38: https://herabeauty.ca/products/shear-muse-gold-krush-lanisha | F38: 可能匹配 | G38: BEIGEBLONDE.jpg | H38: 缩写 86 | I38: BALAYAGE-ASHBLONDE.jpg (66); BLEACHBLONDE.jpg (65); FLAMBOYAGEASHBLONDE.jpg (62) | J38: BEIGE ASH BLONDE.jpg
A39: #BEIGE BLONDE | B39: SENSATIONNEL | C39: 6 | D39: WIG | E39: https://herabeauty.ca/products/wig-lace-13x5-water-deep-16 | F39: 完全匹配 | G39: BEIGEBLONDE.jpg | H39: 完全 | J39: BEIGE BLONDE.jpg
A40: #BURGUNDY | B40: SENSATIONNEL | C40: 15 | D40: HAIR/BRAID/WIG | E40: https://herabeauty.ca/products/sensationnel-empire-100-human-hair-yaki | F40: 可能匹配 | G40: BG.jpg | H40: 逐段缩写 88 | I40: burgundyWine.jpg (88); mburgundy.jpg (80); OM-Burgundy.jpg (76) | J40: BURGUNDY.jpg
A41: #Beige Blonde | B41: SENSATIONNEL | C41: 1 | D41: WIG | E41: https://herabeauty.ca/products/dashly-unit-22 | F41: 完全匹配 | G41: BEIGEBLONDE.jpg | H41: 完全 | J41: Beige Blonde.jpg
A42: #CARAMEL BLONDE | B42: SENSATIONNEL | C42: 1 | D42: WIG | E42: https://herabeauty.ca/products/what-lace-13x6-lace-frontal-zion | F42: 完全匹配 | G42: Caramel-Blonde.jpg | H42: 完全 | J42: CARAMEL BLONDE.jpg
A43: #CARROT RED | B43: SENSATIONNEL | C43: 2 | D43: WIG | E43: https://herabeauty.ca/products/shear-muse-takeisha-26 | F43: 缺图 | H43: 最佳 60 | J43: CARROT RED.jpg
A44: #CH27 | B44: SENSATIONNEL | C44: 1 | D44: WIG | E44: https://herabeauty.ca/products/bare-lace-wig-unit-5 | F44: 缺图 | H44: 最佳 64 | J44: CH27.jpg
A45: #CH30 | B45: SENSATIONNEL | C45: 2 | D45: WIG | E45: https://herabeauty.ca/products/dashly-lace-unit-44 | F45: 缺图 | H45: 最佳 57 | J45: CH30.jpg
A46: #CHOCOLATE COPPER | B46: SENSATIONNEL | C46: 3 | D46: WIG | E46: https://herabeauty.ca/products/wig-lace-13x5-water-deep-16 | F46: 缺图 | H46: 最佳 60 | J46: CHOCOLATE COPPER.jpg
A47: #CHUNKY BLONDE | B47: SENSATIONNEL | C47: 3 | D47: WIG | E47: https://herabeauty.ca/products/sensationnel-synthetic-hair-vice-hd-lace-front-wig-vice-unit-10 | F47: 可能匹配 | G47: Chunky-Highlight-Blonde.jpg | H47: 缩写 81 | I47: OM-HONEYBLONDE.jpg (61); HONEYBLONDE-2.jpg (60) | J47: CHUNKY BLONDE.jpg
A48: #CHUNKY HIGHLIGHT 27 | B48: SENSATIONNEL | C48: 5 | D48: WIG | E48: https://herabeauty.ca/products/vice-hd-lace-wig-unit-1 | F48: 完全匹配 | G48: Chunky-Highlight27.jpg | H48: 完全 | J48: CHUNKY HIGHLIGHT 27.jpg
A49: #CHUNKY HIGHLIGHT 30 | B49: SENSATIONNEL | C49: 5 | D49: WIG | E49: https://herabeauty.ca/products/vice-hd-lace-wig-unit-1 | F49: 完全匹配 | G49: Chunky-Highlight30.jpg | H49: 完全 | J49: CHUNKY HIGHLIGHT 30.jpg
A50: #CHUNKY HILIGHT 27 | B50: SENSATIONNEL | C50: 1 | D50: WIG | E50: https://herabeauty.ca/products/glamzy-lace-crown-full-wig-cherry-22 | F50: 可能匹配 | G50: Chunky-Highlight27.jpg | H50: 缩写 88 | I50: Chunky-Highlight30.jpg (60) | J50: CHUNKY HILIGHT 27.jpg
A51: #COLOR MELT CHOCOLATE | B51: SENSATIONNEL | C51: 1 | D51: WIG | E51: https://herabeauty.ca/products/butta-lace-pre-styled-wig-unit-5 | F51: 可能匹配 | G51: Colo-Melt-Chocolate.jpg | H51: 缩写 89 | I51: Colo-Melt-Mocha.jpg (60) | J51: COLOR MELT CHOCOLATE.jpg
A52: #COLOR MELT MOCHA | B52: SENSATIONNEL | C52: 1 | D52: WIG | E52: https://herabeauty.ca/products/butta-lace-pre-styled-wig-unit-5 | F52: 可能匹配 | G52: Colo-Melt-Mocha.jpg | H52: 缩写 89 | I52: ColorMe.jpg (80); Colo-Melt-Hazel.jpg (63); Colo-Melt-Chocolate.jpg (60) | J52: COLOR MELT MOCHA.jpg
A53: #COLORMELCHOCOLATE | B53: SENSATIONNEL | C53: 1 | D53: WIG | E53: https://herabeauty.ca/products/what-lace-13x6-human-hair-blend-wig | F53: 可能匹配 | G53: ColorMe.jpg | H53: 逐段缩写 88 | I53: Colo-Melt-Chocolate.jpg (80) | J53: COLORMELCHOCOLATE.jpg
A54: #COLORMELTBLONDE | B54: SENSATIONNEL | C54: 1 | D54: WIG | E54: https://herabeauty.ca/products/what-lace-13x6-human-hair-blend-wig | F54: 完全匹配 | G54: Color-Melt-Blonde.jpg | H54: 完全 | J54: COLORMELTBLONDE.jpg
A55: #COPPER | B55: SENSATIONNEL | C55: 2 | D55: WIG | E55: https://herabeauty.ca/products/dashly-full-cap-unit-25 | F55: 可能匹配 | G55: Copper-Red.jpg | H55: 缩写 83 | I55: Copper-Brown.jpg (81); COPPER-CHARM.jpg (81); Copper-Pumpkin.jpg (79) | J55: COPPER.jpg
A56: #COPPER BROWN | B56: SENSATIONNEL | C56: 3 | D56: WIG | E56: https://herabeauty.ca/products/sensationnel-butta-lace-glueless-hd-lace-front-wig-butta-pre-cut-unit-5 | F56: 完全匹配 | G56: Copper-Brown.jpg | H56: 完全 | J56: COPPER BROWN.jpg
A57: #COPPER RED | B57: SENSATIONNEL | C57: 2 | D57: WIG | E57: https://herabeauty.ca/products/sensationnel-butta-lace-glueless-hd-lace-front-wig-butta-pre-cut-unit-5 | F57: 完全匹配 | G57: Copper-Red.jpg | H57: 完全 | J57: COPPER RED.jpg
A58: #CREAM BLONDE | B58: SENSATIONNEL | C58: 1 | D58: WIG | E58: https://herabeauty.ca/products/lace-bob-wig-chic-unit-1 | F58: 完全匹配 | G58: CREAMBLONDE.jpg | H58: 完全 | J58: CREAM BLONDE.jpg
A59: #CREAMY BLONDE | B59: SENSATIONNEL | C59: 1 | D59: WIG | E59: https://herabeauty.ca/products/shear-muse-gold-krush-lanisha | F59: 可能匹配 | G59: CREAMBLONDE.jpg | H59: 缩写 88 | I59: Caramel-Blonde.jpg (68); FaceFrame-Blonde.jpg (63); OM-CaramelBlonde.jpg (63) | J59: CREAMY BLONDE.jpg
A60: #CRIMSON RED | B60: SENSATIONNEL | C60: 2 | D60: WIG | E60: https://herabeauty.ca/products/shear-muse-takeisha-26 | F60: 缺图 | H60: 最佳 60 | J60: CRIMSON RED.jpg
A61: #Cream Blonde | B61: SENSATIONNEL | C61: 1 | D61: WIG | E61: https://herabeauty.ca/products/dashly-unit-22 | F61: 完全匹配 | G61: CREAMBLONDE.jpg | H61: 完全 | J61: Cream Blonde.jpg
A62: #DARK BLUE | B62: SENSATIONNEL | C62: 1 | D62: HAIR | E62: https://herabeauty.ca/products/sensationnel-empire-100-human-hair-yaki | F62: 完全匹配 | G62: darkblue.jpg | H62: 完全 | J62: DARK BLUE.jpg
A63: #DARKPURPLE | B63: SENSATIONNEL | C63: 1 | D63: HAIR | E63: https://herabeauty.ca/products/sensationnel-empire-100-human-hair-yaki | F63: 完全匹配 | G63: darkpurple.jpg | H63: 完全 | J63: DARKPURPLE.jpg
A64: #DARKTEAL | B64: SENSATIONNEL | C64: 1 | D64: WIG | E64: https://herabeauty.ca/products/short-full-cap-wig-for-women-dashly | F64: 可能匹配 | G64: DRDark-Teal.jpg | H64: 缩写 86 | I64: OM-DarkTeal.jpg (76); T1B-Dark-Teal.jpg (60); T2-DarkTeal.jpg (60) | J64: DARKTEAL.jpg
A65: #DIRTY BLONDE | B65: SENSATIONNEL | C65: 3 | D65: WIG | E65: https://herabeauty.ca/products/shear-muse-gold-krush-lanisha | F65: 缺图 | H65: 最佳 60 | I65: DUSTYBLONDE-1.jpg (60); ICYBLONDE-1.jpg (60) | J65: DIRTY BLONDE.jpg
A66: #DR24613 | B66: SENSATIONNEL | C66: 1 | D66: WIG | E66: https://herabeauty.ca/products/synthetic-blonde-short-wig-dara | F66: 完全匹配 | G66: DR24613.jpg | H66: 完全 | J66: DR24613.jpg
A67: #DR27 | B67: SENSATIONNEL | C67: 2 | D67: WIG | E67: https://herabeauty.ca/products/synthetic-short-wig-for-women-uma | F67: 完全匹配 | G67: DR27.jpg | H67: 完全 | J67: DR27.jpg
A68: #DR30 | B68: SENSATIONNEL | C68: 2 | D68: WIG | E68: https://herabeauty.ca/products/synthetic-blonde-short-wig-dara | F68: 完全匹配 | G68: DR30.jpg | H68: 完全 | J68: DR30.jpg
A69: #DR613 | B69: SENSATIONNEL | C69: 1 | D69: WIG | E69: https://herabeauty.ca/products/synthetic-short-wig-for-women-lisa | F69: 完全匹配 | G69: DR613.jpg | H69: 完全 | J69: DR613.jpg
A70: #DRBG | B70: SENSATIONNEL | C70: 3 | D70: WIG | E70: https://herabeauty.ca/products/synthetic-short-wig-for-women-lisa | F70: 完全匹配 | G70: DRBG.jpg | H70: 完全 | J70: DRBG.jpg
A71: #DRBLGREY | B71: SENSATIONNEL | C71: 1 | D71: WIG | E71: https://herabeauty.ca/products/synthetic-short-wig-for-women-uma | F71: 完全匹配 | G71: DRBLGREY.jpg | H71: 完全 | J71: DRBLGREY.jpg
A72: #DXR327 | B72: SENSATIONNEL | C72: 1 | D72: HAIR | E72: https://herabeauty.ca/products/sensationnel-premium-too-mixx-bohemian-wave-multi-curl-long-5pcs | F72: 完全匹配 | G72: DXR327.jpg | H72: 完全 | J72: DXR327.jpg
A73: #DXR997 | B73: SENSATIONNEL | C73: 1 | D73: HAIR | E73: https://herabeauty.ca/products/sensationnel-premium-too-mixx-bohemian-wave-multi-curl-long-5pcs | F73: 完全匹配 | G73: DXR997.jpg | H73: 完全 | J73: DXR997.jpg
A74: #ELECTRIC YELLOW | B74: SENSATIONNEL | C74: 1 | D74: BRAID | E74: https://herabeauty.ca/products/lulutress-braid-water-wave-18 | F74: 完全匹配 | G74: ElectricYellow.jpg | H74: 完全 | J74: ELECTRIC YELLOW.jpg
A75: #F1B/30 | B75: SENSATIONNEL | C75: 12 | D75: HAIR/WIG | E75: https://herabeauty.ca/products/empire-100-human-hair-27pcs | F75: 完全匹配 | G75: F1B-30.jpg | H75: 完全 | J75: F1B-30.jpg
A76: #F1B/BG | B76: SENSATIONNEL | C76: 4 | D76: HAIR/WIG | E76: https://herabeauty.ca/products/lulu-bun-updo-wig | F76: 完全匹配 | G76: f1b-bg.jpg | H76: 完全 | J76: F1B-BG.jpg
A77: #F4/30 | B77: SENSATIONNEL | C77: 9 | D77: HAIR/WIG | E77: https://herabeauty.ca/products/empire-100-human-hair-bohemian | F77: 完全匹配 | G77: f4-30.jpg | H77: 完全 | J77: F4-30.jpg
... A100: #HLBG/27 | B100: SENSATIONNEL | C100: 1 | D100: WIG | E100: https://herabeauty.ca/products/sensationnel-synthetic-instant-fashion-full-cap-wig-elsa | F100: 完全匹配 | G100: HLBG-27.jpg | H100: 完全 | J100: HLBG-27.jpg
A101: #HONEY BLONDE | B101: SENSATIONNEL | C101: 1 | D101: WIG | E101: https://herabeauty.ca/products/wig-lace-pre-cut-unit-19 | F101: 可能匹配 | G101: OM-HONEYBLONDE.jpg | H101: 相似 78 | I101: OM-SandyBlonde.jpg (64); MoneyPiece-Blonde.jpg (63); OM-Blonde.jpg (63) | J101: HONEY BLONDE.jpg
A102: #ICY BLONDE | B102: SENSATIONNEL | C102: 1 | D102: WIG | E102: https://herabeauty.ca/products/shear-muse-gold-krush-lanisha | F102: 缺图 | H102: 最佳 60 | I102: DIRTYBLONDE-1.jpg (60); ICYBLONDE-1.jpg (60) | J102: ICY BLONDE.jpg
A103: #Jet Blue | B103: SENSATIONNEL | C103: 1 | D103: WIG | E103: https://herabeauty.ca/products/dashly-unit-22 | F103: 缺图 | H103: 最佳 62 | I103: JetBlue-1.jpg (60); T2-Blue.jpg (60) | J103: Jet Blue.jpg
A104: #LIGHT ASH BROWN | B104: SENSATIONNEL | C104: 1 | D104: WIG | E104: https://herabeauty.ca/products/butta-lace-vintage-rider-wig | F104: 可能匹配 | G104: SH-Light_AshBrown.jpg | H104: 相似 79 | I104: LIGHTASHBLONDE-1.jpg (60); LT613_AshBrown.jpg (60) | J104: LIGHT ASH BROWN.jpg
A105: #LIGHTASHBROWN | B105: SENSATIONNEL | C105: 2 | D105: WIG | E105: https://herabeauty.ca/products/bare-lace-unit-4 | F105: 可能匹配 | G105: SH-Light_AshBrown.jpg | H105: 相似 79 | I105: LIGHTASHBLONDE-1.jpg (60); LT613_AshBrown.jpg (60) | J105: LIGHTASHBROWN.jpg
A106: #LILAC | B106: SENSATIONNEL | C106: 1 | D106: BRAID | E106: https://herabeauty.ca/products/pre-stretched-braiding-hair-3x-ruwa-braid | F106: 完全匹配 | G106: lilac.jpg | H106: 完全 | J106: LILAC.jpg
A107: #LT27/1 | B107: SENSATIONNEL | C107: 3 | D107: WIG | E107: https://herabeauty.ca/products/vice-hd-lace-wig-unit-3 | F107: 缺图 | H107: 最佳 60 | J107: LT27-1.jpg
A108: #LT613/1B | B108: SENSATIONNEL | C108: 1 | D108: WIG | E108: https://herabeauty.ca/products/empress-shear-muse-kanesha-lace-front-wig | F108: 完全匹配 | G108: LT613-1B.jpg | H108: 完全 | J108: LT613-1B.jpg
A109: #LT613/8/4 | B109: SENSATIONNEL | C109: 1 | D109: WIG | E109: https://herabeauty.ca/products/empress-shear-muse-kanesha-lace-front-wig | F109: 完全匹配 | G109: LT613-8-4.jpg | H109: 完全 | J109: LT613-8-4.jpg
A110: #LT613/BLUE | B110: SENSATIONNEL | C110: 3 | D110: WIG | E110: https://herabeauty.ca/products/empress-shear-muse-kanesha-lace-front-wig | F110: 完全匹配 | G110: LT613_BLUE.jpg | H110: 完全 | J110: LT613-BLUE.jpg
A111: #LT613/PINK | B111: SENSATIONNEL | C111: 2 | D111: WIG | E111: https://herabeauty.ca/products/sensationnel-synthetic-hair-vice-hd-lace-front-wig-vice-unit-10 | F111: 完全匹配 | G111: LT613-PINK.jpg | H111: 完全 | J111: LT613-PINK.jpg
A112: #LT613BLU | B112: SENSATIONNEL | C112: 1 | D112: WIG | E112: https://herabeauty.ca/products/vice-hd-lace-wig-unit-3 | F112: 可能匹配 | G112: LT613_BLUE.jpg | H112: 缩写 88 | I112: LT613-1B.jpg (60) | J112: LT613BLU.jpg
A113: #LT613PIN | B113: SENSATIONNEL | C113: 1 | D113: WIG | E113: https://herabeauty.ca/products/vice-hd-lace-wig-unit-3 | F113: 可能匹配 | G113: LT613-PINK.jpg | H113: 缩写 88 | I113: 3T4-613-Pink.jpg (60) | J113: LT613PIN.jpg
A114: #M27/30/613 | B114: SENSATIONNEL | C114: 2 | D114: BRAID | E114: https://herabeauty.ca/products/pre-stretched-braiding-hair-58-inch | F114: 完全匹配 | G114: M27-30-613.jpg | H114: 完全 | J114: M27-30-613.jpg
A115: #M280 | B115: SENSATIONNEL | C115: 2 | D115: HAIR/WIG | E115: https://herabeauty.ca/products/sensationnel-empire-100-human-hair-yaki | F115: 完全匹配 | G115: m280.jpg | H115: 完全 | J115: M280.jpg
A116: #M4/27/30 | B116: SENSATIONNEL | C116: 2 | D116: BRAID | E116: https://herabeauty.ca/products/pre-stretched-braiding-hair-58-inch | F116: 完全匹配 | G116: M4-27-30.jpg | H116: 完全 | J116: M4-27-30.jpg
A117: #M4/27/613 | B117: SENSATIONNEL | C117: 1 | D117: BRAID | E117: https://herabeauty.ca/products/pre-stretched-braiding-hair-58-inch | F117: 可能匹配 | G117: SM4-27-613.jpg | H117: 相似 79 | I117: T4-27-613.jpg (73); 27-613.jpg (60); f27-613.jpg (60) | J117: M4-27-613.jpg
A118: #M44 | B118: SENSATIONNEL | C118: 1 | D118: HAIR | E118: https://herabeauty.ca/products/sensationnel-empire-100-human-hair-yaki | F118: 完全匹配 | G118: m44.jpg | H118: 完全 | J118: M44.jpg
A119: #M51 | B119: SENSATIONNEL | C119: 2 | D119: HAIR/WIG | E119: https://herabeauty.ca/products/sensationnel-empire-100-human-hair-yaki | F119: 完全匹配 | G119: m51.jpg | H119: 完全 | J119: M51.jpg
A120: #MM/ELECTRICBLUE | B120: SENSATIONNEL | C120: 1 | D120: WIG | E120: https://herabeauty.ca/products/shear-muse-lace-front-wig-chana | F120: 可能匹配 | G120: Mermaid_Electric-Blue.jpg | H120: 缩写 85 | I120: electric-blue.jpg (78); T2-ElectricBlue.jpg (60) | J120: MM-ELECTRICBLUE.jpg
A121: #MM/FUCHSIA | B121: SENSATIONNEL | C121: 1 | D121: WIG | E121: https://herabeauty.ca/products/shear-muse-lace-front-wig-chana | F121: 可能匹配 | G121: Mermaid-Fuchsia.jpg | H121: 逐段缩写 88 | I121: Fuchsia-1.jpg (60); T2-Fuchsia.jpg (60) | J121: MM-FUCHSIA.jpg
A122: #MM/IRISPURPLE | B122: SENSATIONNEL | C122: 1 | D122: WIG | E122: https://herabeauty.ca/products/shear-muse-lace-front-wig-chana | F122: 可能匹配 | G122: Mermaid-IrisPurple.jpg | H122: 逐段缩写 88 | I122: mpurple.jpg (82); IrisPurple.jpg (77) | J122: MM-IRISPURPLE.jpg
...

Sheet ROYAL IMEX
A1: 色号 (variant name) | B1: Vendor | C1: 产品数 | D1: Type | E1: 示例产品 | F1: 状态 | G1: 匹配文件 | H1: 匹配方式/分数 | I1: 其他候选 | J1: 建议文件名 | K1: 确认后的文件（手填）
A2: #1 | B2: ROYAL IMEX | C2: 44 | D2: BRAID/HAIR | E2: https://herabeauty.ca/products/royal-6x-3d-fc-tresse-40 | F2: 完全匹配 | G2: 1.jpg | H2: 完全 | J2: 1.jpg
A3: #1B | B3: ROYAL IMEX | C3: 46 | D3: BRAID/HAIR | E3: https://herabeauty.ca/products/royal-6x-3d-fc-tresse-40 | F3: 完全匹配 | G3: 1B.jpg | H3: 完全 | J3: 1B.jpg
A4: #1B/30 | B4: ROYAL IMEX | C4: 1 | D4: BRAID | E4: https://herabeauty.ca/products/pre-stretched-braiding-hair-zury-acv-48 | F4: 缺图 | H4: 最佳 68 | J4: 1B-30.jpg
A5: #2 | B5: ROYAL IMEX | C5: 34 | D5: BRAID/HAIR | E5: https://herabeauty.ca/products/royal-6x-3d-fc-tresse-40 | F5: 完全匹配 | G5: 2.jpg | H5: 完全 | J5: 2.jpg
A6: #22 | B6: ROYAL IMEX | C6: 1 | D6: HAIR | E6: https://herabeauty.ca/products/18-inch-clip-in-hair-extensions-royal-imex | F6: 缺图 | H6: 最佳 68 | J6: 22.jpg
A7: #27 | B7: ROYAL IMEX | C7: 7 | D7: BRAID | E7: https://herabeauty.ca/products/royal-ultra-deep-bulk | F7: 完全匹配 | G7: 27.jpg | H7: 完全 | J7: 27.jpg
A8: #27/30/613 | B8: ROYAL IMEX | C8: 2 | D8: HAIR | E8: https://herabeauty.ca/products/nd-clip-natural-yaky-18 | F8: 缺图 | H8: 最佳 57 | J8: 27-30-613.jpg
A9: #30 | B9: ROYAL IMEX | C9: 7 | D9: BRAID/HAIR | E9: https://herabeauty.ca/products/royal-ultra-deep-bulk | F9: 完全匹配 | G9: 30.jpg | H9: 完全 | J9: 30.jpg
A10: #350 | B10: ROYAL IMEX | C10: 4 | D10: BRAID | E10: https://herabeauty.ca/products/royal-ultra-deep-bulk | F10: 缺图 | H10: 最佳 60 | J10: 350.jpg
A11: #4 | B11: ROYAL IMEX | C11: 31 | D11: BRAID/HAIR | E11: https://herabeauty.ca/products/royal-6x-3d-fc-tresse-40 | F11: 完全匹配 | G11: 4.jpg | H11: 完全 | J11: 4.jpg
A12: #613 | B12: ROYAL IMEX | C12: 3 | D12: HAIR | E12: https://herabeauty.ca/products/lurex-str-clip-9pcs | F12: 完全匹配 | G12: 613.jpg | H12: 完全 | J12: 613.jpg
A13: #99J | B13: ROYAL IMEX | C13: 3 | D13: HAIR/BRAID | E13: https://herabeauty.ca/products/lurex-str-clip-9pcs | F13: 完全匹配 | G13: 99J.jpg | H13: 完全 | J13: 99J.jpg
A14: #F14/22 | B14: ROYAL IMEX | C14: 2 | D14: HAIR | E14: https://herabeauty.ca/products/18-inch-clip-in-hair-extensions-royal-imex | F14: 完全匹配 | G14: F14_22.jpg | H14: 完全 | J14: F14-22.jpg
A15: #F14/27/613 | B15: ROYAL IMEX | C15: 1 | D15: HAIR | E15: https://herabeauty.ca/products/18-inch-clip-in-hair-extensions-royal-imex | F15: 缺图 | H15: 最佳 57 | J15: F14-27-613.jpg
A16: #F18/22 | B16: ROYAL IMEX | C16: 1 | D16: HAIR | E16: https://herabeauty.ca/products/lurex-str-clip-9pcs | F16: 完全匹配 | G16: F18_22.jpg | H16: 完全 | J16: F18-22.jpg
A17: #F18/613 | B17: ROYAL IMEX | C17: 1 | D17: HAIR | E17: https://herabeauty.ca/products/18-inch-clip-in-hair-extensions-royal-imex | F17: 完全匹配 | G17: F18_613.jpg | H17: 完全 | J17: F18-613.jpg
A18: #F27/16/613 | B18: ROYAL IMEX | C18: 1 | D18: HAIR | E18: https://herabeauty.ca/products/lurex-str-clip-9pcs | F18: 缺图 | H18: 最佳 60 | J18: F27-16-613.jpg
A19: #F4/27 | B19: ROYAL IMEX | C19: 4 | D19: HAIR | E19: https://herabeauty.ca/products/lurex-str-clip-9pcs | F19: 完全匹配 | G19: F4_27.jpg | H19: 完全 | J19: F4-27.jpg
A20: #F6/27 | B20: ROYAL IMEX | C20: 4 | D20: HAIR | E20: https://herabeauty.ca/products/lurex-str-clip-9pcs | F20: 完全匹配 | G20: F6_27.jpg | H20: 完全 | J20: F6-27.jpg
A21: #F6/613 | B21: ROYAL IMEX | C21: 2 | D21: HAIR | E21: https://herabeauty.ca/products/18-inch-clip-in-hair-extensions-royal-imex | F21: 完全匹配 | G21: F6_613.jpg | H21: 完全 | J21: F6-613.jpg
A22: #F8/10/16 | B22: ROYAL IMEX | C22: 1 | D22: HAIR | E22: https://herabeauty.ca/products/lurex-str-clip-9pcs | F22: 完全匹配 | G22: F8_10_16.jpg | H22: 完全 | J22: F8-10-16.jpg
A23: #F8/12/24 | B23: ROYAL IMEX | C23: 1 | D23: HAIR | E23: https://herabeauty.ca/products/18-inch-clip-in-hair-extensions-royal-imex | F23: 缺图 | H23: 最佳 58 | J23: F8-12-24.jpg
A24: #FS1B/30 | B24: ROYAL IMEX | C24: 19 | D24: BRAID/HAIR | E24: https://herabeauty.ca/products/royal-6x-3d-fc-tresse-40 | F24: 完全匹配 | G24: FS1B_30.jpg | H24: 完全 | J24: FS1B-30.jpg
A25: #FS27/30 | B25: ROYAL IMEX | C25: 5 | D25: HAIR/BRAID | E25: https://herabeauty.ca/products/royal-brz-body | F25: 缺图 | H25: 最佳 65 | I25: F27_4_30.jpg (60); F4_27_30.jpg (60); FS27_33.jpg (60) | J25: FS27-30.jpg
A26: #FS27/4/30 | B26: ROYAL IMEX | C26: 4 | D26: BRAID | E26: https://herabeauty.ca/products/royal-miracle-crochet-ocean | F26: 可能匹配 | G26: F27_4_30.jpg | H26: 缩写 87 | I26: F4_27_30.jpg (60); FS27_33.jpg (60); FS4_30.jpg (60) | J26: FS27-4-30.jpg
A27: #FS4/27/30 | B27: ROYAL IMEX | C27: 2 | D27: BRAID | E27: https://herabeauty.ca/products/french-curl-braid-hair-extensions-6x | F27: 完全匹配 | G27: fs4-27-30.jpeg | H27: 完全 | J27: FS4-27-30.jpeg
A28: #H.BLONDE | B28: ROYAL IMEX | C28: 1 | D28: BRAID | E28: https://herabeauty.ca/products/french-curl-braid-hair-extensions-6x | F28: 可能匹配 | G28: HONEY_BLONDE.jpg | H28: 缩写 83 | I28: ASH-BLONDE.jpg (74); FH1B_BLOND.jpg (60) | J28: H.BLONDE.jpg
A29: #H/BLONDE | B29: ROYAL IMEX | C29: 2 | D29: BRAID | E29: https://herabeauty.ca/products/passion-twist-crochet-hair-braid | F29: 可能匹配 | G29: HONEY_BLONDE.jpg | H29: 缩写 83 | I29: ASH-BLONDE.jpg (74); FH1B_BLOND.jpg (60) | J29: H-BLONDE.jpg
A30: #HONEY BLONDE | B30: ROYAL IMEX | C30: 2 | D30: BRAID | E30: https://herabeauty.ca/products/royal-imex-boho-curly-braid | F30: 完全匹配 | G30: HONEY_BLONDE.jpg | H30: 完全 | J30: HONEY BLONDE.jpg
A31: #NATURAL | B31: ROYAL IMEX | C31: 17 | D31: HAIR/BRAID | E31: https://herabeauty.ca/products/natural-dream-hawaii-wave | F31: 完全匹配 | G31: NATURAL.jpg | H31: 完全 | J31: NATURAL.jpg
A32: #NATURAL BLACK | B32: ROYAL IMEX | C32: 12 | D32: HAIR/BRAID | E32: https://herabeauty.ca/products/the-brazilian-4-x-5-hd-lace-closure-st-1 | F32: 完全匹配 | G32: NATURAL-BLACK.jpg | H32: 完全 | J32: NATURAL BLACK.jpg
A33: #SOM/27 | B33: ROYAL IMEX | C33: 3 | D33: BRAID | E33: https://herabeauty.ca/products/prestretched-braiding-hair-60-inch-royal-imex | F33: 完全匹配 | G33: SOM-27.jpg | H33: 完全 | J33: SOM-27.jpg
A34: #SOM/30 | B34: ROYAL IMEX | C34: 3 | D34: BRAID | E34: https://herabeauty.ca/products/prestretched-braiding-hair-60-inch-royal-imex | F34: 完全匹配 | G34: SOM-30.jpg | H34: 完全 | J34: SOM-30.jpg
A35: #SOM/BG | B35: ROYAL IMEX | C35: 5 | D35: BRAID | E35: https://herabeauty.ca/products/royal-imex-boho-curly-braid | F35: 可能匹配 | G35: SOM_BURG.jpg | H35: 逐段缩写 88 | J35: SOM-BG.jpg
A36: #SOM/BURG | B36: ROYAL IMEX | C36: 5 | D36: BRAID | E36: https://herabeauty.ca/products/royal-imex-water-wave-braid-20inch | F36: 完全匹配 | G36: SOM_BURG.jpg | H36: 完全 | J36: SOM-BURG.jpg
A37: #SOM/GREY | B37: ROYAL IMEX | C37: 3 | D37: BRAID | E37: https://herabeauty.ca/products/royal-imex-boho-curly-braid | F37: 完全匹配 | G37: SOM-GREY.jpg | H37: 完全 | J37: SOM-GREY.jpg
A38: #SOM27/30 | B38: ROYAL IMEX | C38: 13 | D38: BRAID/HAIR | E38: https://herabeauty.ca/products/royal-6x-3d-fc-tresse-40 | F38: 完全匹配 | G38: SOM-27_30.jpg | H38: 完全 | J38: SOM27-30.jpg
A39: #SOMRT27/30 | B39: ROYAL IMEX | C39: 2 | D39: HAIR | E39: https://herabeauty.ca/products/royal-nd-multi-passion-101214 | F39: 可能匹配 | G39: SOM-27_30.jpg | H39: 缩写 86 | J39: SOMRT27-30.jpg

Sheet Shake-n-go
A1: 色号 (variant name) | B1: Vendor | C1: 产品数 | D1: Type | E1: 示例产品 | F1: 状态 | G1: 匹配文件 | H1: 匹配方式/分数 | I1: 其他候选 | J1: 建议文件名 | K1: 确认后的文件（手填）
A2: #1 | B2: SHAKE N GO | C2: 101 | D2: BRAID/HAIR/WIG | E2: https://herabeauty.ca/products/freetress-french-curl-18-4x | F2: 完全匹配 | G2: 1.jpg | H2: 完全 | J2: 1.jpg
A3: #130 | B3: SHAKE N GO | C3: 2 | D3: HAIR/BRAID | E3: https://herabeauty.ca/products/spanish-curl-ponytail-extension-26-inch | F3: 完全匹配 | G3: 130.jpg | H3: 完全 | J3: 130.jpg
A4: #1B | B4: SHAKE N GO | C4: 101 | D4: BRAID/HAIR/WIG | E4: https://herabeauty.ca/products/freetress-french-curl-18-4x | F4: 完全匹配 | G4: 1B.jpg | H4: 完全 | J4: 1B.jpg
A5: #2 | B5: SHAKE N GO | C5: 96 | D5: BRAID/HAIR/WIG | E5: https://herabeauty.ca/products/freetress-french-curl-18-4x | F5: 完全匹配 | G5: 2.jpg | H5: 完全 | J5: 2.jpg
A6: #27 | B6: SHAKE N GO | C6: 18 | D6: BRAID/WIG | E6: https://herabeauty.ca/products/6x-freetress-aerolite-pre-stretched-braid-52 | F6: 完全匹配 | G6: 27.jpg | H6: 完全 | J6: 27.jpg
A7: #30 | B7: SHAKE N GO | C7: 25 | D7: BRAID/HAIR/WIG | E7: https://herabeauty.ca/products/freetress-french-curl-18-4x | F7: 完全匹配 | G7: 30.jpg | H7: 完全 | J7: 30.jpg
A8: #34 | B8: SHAKE N GO | C8: 1 | D8: WIG | E8: https://herabeauty.ca/products/golden-100-human-hair-hd-lace-front-wig-aisha | F8: 完全匹配 | G8: 34.jpg | H8: 完全 | J8: 34.jpg
A9: #3T1B/27/613 | B9: SHAKE N GO | C9: 1 | D9: BRAID | E9: https://herabeauty.ca/products/freetress-french-curl-braid-22-inch | F9: 完全匹配 | G9: 3T1B27613.jpg | H9: 完全 | J9: 3T1B-27-613.jpg
A10: #3T4/27/613 | B10: SHAKE N GO | C10: 2 | D10: BRAID | E10: https://herabeauty.ca/products/freetress-boho-mermaid-braid-24-inch | F10: 完全匹配 | G10: 3T427613.jpg | H10: 完全 | J10: 3T4-27-613.jpg
A11: #4 | B11: SHAKE N GO | C11: 70 | D11: BRAID/HAIR/WIG | E11: https://herabeauty.ca/products/freetress-french-curl-18-4x | F11: 完全匹配 | G11: 4.jpg | H11: 完全 | J11: 4.jpg
A12: #530 | B12: SHAKE N GO | C12: 14 | D12: HAIR/BRAID/WIG | E12: https://herabeauty.ca/products/organique-body-wave | F12: 完全匹配 | G12: 530.jpg | H12: 完全 | J12: 530.jpg
A13: #613 | B13: SHAKE N GO | C13: 5 | D13: HAIR/BRAID/WIG | E13: https://herabeauty.ca/products/organique-straight | F13: 完全匹配 | G13: 613.jpg | H13: 完全 | J13: 613.jpg
... A16: #BH HONEY | B16: SHAKE N GO | C16: 1 | D16: HAIR | E16: https://herabeauty.ca/products/organique-straight | F16: 完全匹配 | G16: BHHONEY.jpg | H16: 完全 | J16: BH HONEY.jpg
A17: #BLBK | B17: SHAKE N GO | C17: 1 | D17: WIG | E17: https://herabeauty.ca/products/freetress-equal-charlie-wig | F17: 可能匹配 | G17: BL.jpg | H17: 逐段缩写 88 | I17: TBLBK.jpg (76); DNBLBK.jpg (68); OPBLBK.jpg (68) | J17: BLBK.jpg
A18: #BLUE/CRUSH | B18: SHAKE N GO | C18: 1 | D18: BRAID | E18: https://herabeauty.ca/products/freetress-3x-braid-301-hair-extensions | F18: 完全匹配 | G18: BLUE-CRUSH.jpg | H18: 完全 | J18: BLUE-CRUSH.jpg
A19: #BROWN/ASH | B19: SHAKE N GO | C19: 1 | D19: BRAID | E19: https://herabeauty.ca/products/freetress-3x-braid-301-hair-extensions | F19: 完全匹配 | G19: BROWN-ASH.jpg | H19: 完全 | J19: BROWN-ASH.jpg
A20: #BURG | B20: SHAKE N GO | C20: 1 | D20: BRAID | E20: https://herabeauty.ca/products/freetress-braid-3x-pre-fluffed-poppintwist-16 | F20: 可能匹配 | G20: BG.jpg | H20: 逐段缩写 88 | I20: OMBURG.jpg (68); OTBURG.jpg (68) | J20: BURG.jpg
A21: #BURGUNDY | B21: SHAKE N GO | C21: 1 | D21: BRAID | E21: https://herabeauty.ca/products/freetress-braid-3x-poppin-twist-28 | F21: 可能匹配 | G21: BG.jpg | H21: 逐段缩写 88 | J21: BURGUNDY.jpg
A22: #CBGOLDBRN | B22: SHAKE N GO | C22: 1 | D22: BRAID | E22: https://herabeauty.ca/products/freetress-braid-3x-pre-fluffed-poppintwist-16 | F22: 完全匹配 | G22: CBGOLDBRN.jpg | H22: 完全 | J22: CBGOLDBRN.jpg
A23: #CHERRY | B23: SHAKE N GO | C23: 1 | D23: WIG | E23: https://herabeauty.ca/products/deep-waver-lace-front-wig-shake-n-go | F23: 可能匹配 | G23: CHERRYCOLA.jpg | H23: 逐段缩写 88 | I23: CHERRYWINE.jpg (88); HI-CHERRY.jpg (73); OTCHERRY.jpg (73) | J23: CHERRY.jpg
A24: #CHILLI | B24: SHAKE N GO | C24: 1 | D24: WIG | E24: https://herabeauty.ca/products/deep-waver-lace-front-wig-shake-n-go | F24: 缺图 | H24: 最佳 45 | J24: CHILLI.jpg
A25: #CMBERRY | B25: SHAKE N GO | C25: 1 | D25: WIG | E25: https://herabeauty.ca/products/freetress-equal-lite-003-wig | F25: 完全匹配 | G25: CMBERRY.jpg | H25: 完全 | J25: CMBERRY.jpg
A26: #CMBROWINIE | B26: SHAKE N GO | C26: 1 | D26: WIG | E26: https://herabeauty.ca/products/freetress-equal-lite-003-wig | F26: 可能匹配 | G26: CMBROWNIE.jpg | H26: 逐段缩写 88 | I26: HI-BROWNIE.jpg (63) | J26: CMBROWINIE.jpg
A27: #CMPECAN | B27: SHAKE N GO | C27: 1 | D27: WIG | E27: https://herabeauty.ca/products/freetress-equal-lite-003-wig | F27: 完全匹配 | G27: CMPECAN.jpg | H27: 完全 | J27: CMPECAN.jpg
A28: #CMRDCOPPER | B28: SHAKE N GO | C28: 1 | D28: WIG | E28: https://herabeauty.ca/products/freetress-equal-lite-003-wig | F28: 可能匹配 | G28: COPPER.jpg | H28: 逐段缩写 88 | I28: REDCOPPER.jpg (72); OMCOPPER.jpg (66); SRCOPPER.jpg (66) | J28: CMRDCOPPER.jpg
A29: #COPPER | B29: SHAKE N GO | C29: 3 | D29: BRAID | E29: https://herabeauty.ca/products/freetress-french-curl-18-4x | F29: 完全匹配 | G29: COPPER.jpg | H29: 完全 | J29: COPPER.jpg
A30: #DKPU | B30: SHAKE N GO | C30: 1 | D30: WIG | E30: https://herabeauty.ca/products/freetress-equal-charlie-wig | F30: 可能匹配 | G30: TDKPU.jpg | H30: 相似 76 | I30: OMDKPU.jpg (68); OPDKPU.jpg (68); OTDKPU.jpg (68) | J30: DKPU.jpg
A31: #ESPRESSO | B31: SHAKE N GO | C31: 3 | D31: HAIR | E31: https://herabeauty.ca/products/sleek-straight-ponytail-extension-secret-pocket | F31: 完全匹配 | G31: ESPRESSO.jpg | H31: 完全 | J31: ESPRESSO.jpg
A32: #F237 | B32: SHAKE N GO | C32: 1 | D32: WIG | E32: https://herabeauty.ca/products/freetress-creta-girl-half-wig | F32: 完全匹配 | G32: F237.jpg | H32: 完全 | J32: F237.jpg
A33: #F437 | B33: SHAKE N GO | C33: 1 | D33: WIG | E33: https://herabeauty.ca/products/freetress-creta-girl-half-wig | F33: 完全匹配 | G33: F437.jpg | H33: 完全 | J33: F437.jpg
A34: #FF1B27 | B34: SHAKE N GO | C34: 1 | D34: WIG | E34: https://herabeauty.ca/products/freetress-equal-5-inch-lace-part-wig | F34: 完全匹配 | G34: FF1B27.jpg | H34: 完全 | J34: FF1B27.jpg
A35: #FF30GD | B35: SHAKE N GO | C35: 1 | D35: WIG | E35: https://herabeauty.ca/products/freetress-equal-5-inch-lace-part-wig | F35: 可能匹配 | G35: F30.jpg | H35: 缩写 80 | J35: FF30GD.jpg
A36: #FF99J130 | B36: SHAKE N GO | C36: 1 | D36: WIG | E36: https://herabeauty.ca/products/freetress-equal-5-inch-lace-part-wig | F36: 缺图 | H36: 最佳 57 | J36: FF99J130.jpg
A37: #FF99J530 | B37: SHAKE N GO | C37: 2 | D37: WIG | E37: https://herabeauty.ca/products/freetress-equal-baby-hair-102 | F37: 缺图 | H37: 最佳 68 | I37: T99J530.jpg (68); OF99J530BG.jpg (66); OF99J530RD.jpg (66) | J37: FF99J530.jpg
A38: #FFCREAM | B38: SHAKE N GO | C38: 8 | D38: WIG | E38: https://herabeauty.ca/products/freetress-equal-valentino-lace-wig | F38: 缺图 | H38: 最佳 61 | J38: FFCREAM.jpg
A39: #FFGOLDBRN | B39: SHAKE N GO | C39: 7 | D39: WIG | E39: https://herabeauty.ca/products/freetress-equal-level-up-hd-lace-front-kamala | F39: 缺图 | H39: 最佳 66 | I39: GFFGOLDEN.jpg (66) | J39: FFGOLDBRN.jpg
A40: #FFH1B2430 | B40: SHAKE N GO | C40: 1 | D40: WIG | E40: https://herabeauty.ca/products/deep-waver-lace-front-wig-shake-n-go | F40: 缺图 | H40: 最佳 60 | I40: FF1B530.jpg (60); H1B2730.jpg (60) | J40: FFH1B2430.jpg
A41: #FFH1B99130 | B41: SHAKE N GO | C41: 1 | D41: WIG | E41: https://herabeauty.ca/products/deep-waver-lace-front-wig-shake-n-go | F41: 缺图 | H41: 最佳 60 | J41: FFH1B99130.jpg
A42: #FFH42726 | B42: SHAKE N GO | C42: 1 | D42: WIG | E42: https://herabeauty.ca/products/deep-waver-lace-front-wig-shake-n-go | F42: 缺图 | H42: 最佳 60 | J42: FFH42726.jpg
A43: #FFHOTCHOCO | B43: SHAKE N GO | C43: 8 | D43: WIG | E43: https://herabeauty.ca/products/freetress-equal-valentino-lace-wig | F43: 可能匹配 | G43: FH (5).png | H43: 逐段缩写 88 | I43: OTCOCO.jpg (64); HI-CHOCO.jpg (60) | J43: FFHOTCHOCO.png
A44: #FFT1B30 | B44: SHAKE N GO | C44: 1 | D44: WIG | E44: https://herabeauty.ca/products/freetress-equal-baby-hair-102 | F44: 可能匹配 | G44: FF1B30.jpg | H44: 缩写 87 | I44: F1B_30.jpg (84); T1B30.jpg (71); OT1B_30.jpg (65) | J44: FFT1B30.jpg
A45: #GFF JUICY COPPER | B45: SHAKE N GO | C45: 1 | D45: WIG | E45: https://herabeauty.ca/products/shake-n-go-freetress-equal-lace-front-wig-006-lite-lace | F45: 可能匹配 | G45: GFFJUICYCO.jpg | H45: 缩写 84 | J45: GFF JUICY COPPER.jpg
A46: #GFF LIGHT BROWN | B46: SHAKE N GO | C46: 1 | D46: WIG | E46: https://herabeauty.ca/products/shake-n-go-freetress-equal-lace-front-wig-006-lite-lace | F46: 可能匹配 | G46: GFFLITBRN.jpg | H46: 缩写 84 | J46: GFF LIGHT BROWN.jpg
A47: #GFF RED WINE | B47: SHAKE N GO | C47: 1 | D47: WIG | E47: https://herabeauty.ca/products/shake-n-go-freetress-equal-lace-front-wig-006-lite-lace | F47: 完全匹配 | G47: GFFREDWINE.jpg | H47: 完全 | J47: GFF RED WINE.jpg
A48: #GOLD/ASH | B48: SHAKE N GO | C48: 1 | D48: BRAID | E48: https://herabeauty.ca/products/freetress-3x-braid-301-hair-extensions | F48: 完全匹配 | G48: GOLD-ASH.jpg | H48: 完全 | J48: GOLD-ASH.jpg
A49: #GREY | B49: SHAKE N GO | C49: 3 | D49: BRAID/WIG | E49: https://herabeauty.ca/products/6x-freetress-aerolite-pre-stretched-braid-52 | F49: 完全匹配 | G49: GREY.jpg | H49: 完全 | J49: GREY.jpg
A50: #H1B/27/30 | B50: SHAKE N GO | C50: 1 | D50: BRAID | E50: https://herabeauty.ca/products/kids-deep-curl-braids-freetress-10-inch | F50: 完全匹配 | G50: H1B2730.jpg | H50: 完全 | J50: H1B-27-30.jpg
A51: #H27/30/613 | B51: SHAKE N GO | C51: 1 | D51: BRAID | E51: https://herabeauty.ca/products/kids-deep-curl-braids-freetress-10-inch | F51: 完全匹配 | G51: H2730613.jpg | H51: 完全 | J51: H27-30-613.jpg
A52: #H4/27/30 | B52: SHAKE N GO | C52: 1 | D52: BRAID | E52: https://herabeauty.ca/products/kids-deep-curl-braids-freetress-10-inch | F52: 完全匹配 | G52: H42730.jpg | H52: 完全 | J52: H4-27-30.jpg
A53: #HAZELNUT | B53: SHAKE N GO | C53: 1 | D53: WIG | E53: https://herabeauty.ca/products/wig-fw-rio | F53: 完全匹配 | G53: HAZELNUT.jpg | H53: 完全 | J53: HAZELNUT.jpg
A54: #HT BERRY | B54: SHAKE N GO | C54: 1 | D54: BRAID | E54: https://herabeauty.ca/products/freetress-boho-mermaid-braid-24-inch | F54: 完全匹配 | G54: HTBERRY.jpg | H54: 完全 | J54: HT BERRY.jpg
A55: #HT CINNAMON | B55: SHAKE N GO | C55: 1 | D55: BRAID | E55: https://herabeauty.ca/products/freetress-boho-twist-22-inch-braid | F55: 完全匹配 | G55: HTCINNAMON.jpg | H55: 完全 | J55: HT CINNAMON.jpg
A56: #NATURAL | B56: SHAKE N GO | C56: 31 | D56: WIG/HAIR | E56: https://herabeauty.ca/products/naked-sunny-deep-half-wig-18 | F56: 完全匹配 | G56: NATURAL.jpg | H56: 完全 | J56: NATURAL.jpg
A57: #NATURAL BLACK | B57: SHAKE N GO | C57: 14 | D57: WIG/HAIR | E57: https://herabeauty.ca/products/naked-sunny-deep-half-wig-18 | F57: 可能匹配 | G57: NA_BLACK.jpg | H57: 逐段缩写 88 | I57: NATURAL.jpg (82); NATURAL_DK.jpg (65) | J57: NATURAL BLACK.jpg
A58: #NATURAL DARK | B58: SHAKE N GO | C58: 6 | D58: WIG/HAIR | E58: https://herabeauty.ca/products/naked-brazilian-natural-100-human-hair-wig-s-wave-s | F58: 可能匹配 | G58: NATURAL_DK.jpg | H58: 逐段缩写 88 | I58: NATURAL.jpg (83) | J58: NATURAL DARK.jpg
A59: #OH227144 | B59: SHAKE N GO | C59: 1 | D59: WIG | E59: https://herabeauty.ca/products/lace-front-wig-for-women-equal-l-part | F59: 完全匹配 | G59: OH227144.jpg | H59: 完全 | J59: OH227144.jpg
A60: #OH2730613 | B60: SHAKE N GO | C60: 1 | D60: WIG | E60: https://herabeauty.ca/products/lace-front-wig-for-women-equal-l-part | F60: 完全匹配 | G60: OH2730613.jpg | H60: 完全 | J60: OH2730613.jpg
A61: #OM1B99J530 | B61: SHAKE N GO | C61: 1 | D61: WIG | E61: https://herabeauty.ca/products/freetress-equal-charlie-wig | F61: 可能匹配 | G61: OP1B99J530.jpg | H61: 相似 76 | I61: OM3T99J530.jpg (60); OP99J530.jpg (60); OT99J530.jpg (60) | J61: OM1B99J530.jpg
A62: #OM233144 | B62: SHAKE N GO | C62: 1 | D62: WIG | E62: https://herabeauty.ca/products/lace-front-wig-for-women-equal-l-part | F62: 完全匹配 | G62: OM233144.jpg | H62: 完全 | J62: OM233144.jpg
A63: #OM30GOLD | B63: SHAKE N GO | C63: 1 | D63: WIG | E63: https://herabeauty.ca/products/freetress-equal-charlie-wig | F63: 可能匹配 | G63: OM30.jpg | H63: 缩写 80 | I63: OM3FT-GOLD.jpg (60) | J63: OM30GOLD.jpg
A64: #OP1B2730 | B64: SHAKE N GO | C64: 2 | D64: WIG | E64: https://herabeauty.ca/products/legacy-human-hair-blend-finesse | F64: 完全匹配 | G64: OP1B2730.jpg | H64: 完全 | J64: OP1B2730.jpg
A65: #OP1B30 | B65: SHAKE N GO | C65: 4 | D65: WIG/HAIR | E65: https://herabeauty.ca/products/freetress-angelic-girl-half-wig | F65: 完全匹配 | G65: OP1B30.jpg | H65: 完全 | J65: OP1B30.jpg
A66: #OP27 | B66: SHAKE N GO | C66: 3 | D66: WIG | E66: https://herabeauty.ca/products/lace-front-wig-for-women-equal-l-part | F66: 完全匹配 | G66: OP27.jpg | H66: 完全 | J66: OP27.jpg
A67: #OP427613 | B67: SHAKE N GO | C67: 1 | D67: WIG | E67: https://herabeauty.ca/products/legacy-human-hair-blend-finesse | F67: 完全匹配 | G67: OP427613.jpg | H67: 完全 | J67: OP427613.jpg
A68: #OP430 | B68: SHAKE N GO | C68: 3 | D68: WIG | E68: https://herabeauty.ca/products/lace-front-wig-for-women-equal-l-part | F68: 完全匹配 | G68: OP430.jpg | H68: 完全 | J68: OP430.jpg
A69: #OP43027 | B69: SHAKE N GO | C69: 2 | D69: WIG | E69: https://herabeauty.ca/products/legacy-human-hair-blend-finesse | F69: 完全匹配 | G69: OP43027.jpg | H69: 完全 | J69: OP43027.jpg
A70: #OP99J | B70: SHAKE N GO | C70: 1 | D70: WIG | E70: https://herabeauty.ca/products/lace-front-wig-for-women-equal-l-part | F70: 完全匹配 | G70: OP99J.jpg | H70: 完全 | J70: OP99J.jpg
A71: #OT27 | B71: SHAKE N GO | C71: 17 | D71: HAIR/WIG/BRAID | E71: https://herabeauty.ca/products/organique-mastermix-bundle-hair-deep-wave-3pcs | F71: 完全匹配 | G71: OT27.jpg | H71: 完全 | J71: OT27.jpg
A72: #OT30 | B72: SHAKE N GO | C72: 18 | D72: HAIR/WIG/BRAID | E72: https://herabeauty.ca/products/organique-mastermix-bundle-hair-deep-wave-3pcs | F72: 完全匹配 | G72: OT30.jpg | H72: 完全 | J72: OT30.jpg
A73: #OT530 | B73: SHAKE N GO | C73: 14 | D73: HAIR/WIG | E73: https://herabeauty.ca/products/organique-mastermix-bundle-hair-deep-wave-3pcs | F73: 完全匹配 | G73: OT530.jpg | H73: 完全 | J73: OT530.jpg
A74: #OT613 | B74: SHAKE N GO | C74: 2 | D74: WIG | E74: https://herabeauty.ca/products/freetress-equal-freedom-part-wig-freedom-part-101 | F74: 完全匹配 | G74: OT613.jpg | H74: 完全 | J74: OT613.jpg
A75: #OT99J | B75: SHAKE N GO | C75: 2 | D75: HAIR | E75: https://herabeauty.ca/products/organique-mastermix-bundle-loose-deep-3pcs-1 | F75: 完全匹配 | G75: OT99J.jpg | H75: 完全 | J75: OT99J.jpg
... A85: #P4/30 | B85: SHAKE N GO | C85: 6 | D85: WIG/HAIR | E85: https://herabeauty.ca/products/golden-100-human-hair-lace-wig-zarina | F85: 完全匹配 | G85: P4_30.jpg | H85: 完全 | J85: P4-30.jpg
A86: #PB30 | B86: SHAKE N GO | C86: 1 | D86: WIG | E86: https://herabeauty.ca/products/freetress-equal-valentino-lace-wig | F86: 缺图 | H86: 最佳 60 | I86: OP1B30.jpg (60); P130.jpg (60); P1B_30.jpg (60) | J86: PB30.jpg
A87: #PECAN | B87: SHAKE N GO | C87: 1 | D87: WIG | E87: https://herabeauty.ca/products/wig-fw-rio | F87: 完全匹配 | G87: PECAN.jpg | H87: 完全 | J87: PECAN.jpg
A88: #PINK | B88: SHAKE N GO | C88: 1 | D88: BRAID | E88: https://herabeauty.ca/products/6x-freetress-aerolite-pre-stretched-braid-52 | F88: 可能匹配 | G88: PEACHPINK.jpg | H88: 逐段缩写 88 | I88: PINKCROWN.jpg (88); PINKROSE.jpg (88); PK.jpg (88) | J88: PINK.jpg
A89: #PINK/CRUSH | B89: SHAKE N GO | C89: 1 | D89: BRAID | E89: https://herabeauty.ca/products/freetress-3x-braid-301-hair-extensions | F89: 完全匹配 | G89: PINK-CRUSH.jpg | H89: 完全 | J89: PINK-CRUSH.jpg
A90: #PLUM/CRUSH | B90: SHAKE N GO | C90: 1 | D90: BRAID | E90: https://herabeauty.ca/products/freetress-3x-braid-301-hair-extensions | F90: 完全匹配 | G90: PLUM-CRUSH.jpg | H90: 完全 | J90: PLUM-CRUSH.jpg
A91: #SANDY BLONDE | B91: SHAKE N GO | C91: 3 | D91: HAIR | E91: https://herabeauty.ca/products/sleek-straight-ponytail-extension-secret-pocket | F91: 可能匹配 | G91: SANDY.jpg | H91: 缩写 79 | I91: BLONDE.jpg (60) | J91: SANDY BLONDE.jpg
A92: #T27 | B92: SHAKE N GO | C92: 12 | D92: BRAID | E92: https://herabeauty.ca/products/freetress-butterfly-loc | F92: 完全匹配 | G92: T27.jpg | H92: 完全 | J92: T27.jpg
A93: #T27/613 | B93: SHAKE N GO | C93: 1 | D93: BRAID | E93: https://herabeauty.ca/products/6x-freetress-aerolite-pre-stretched-braid-52 | F93: 完全匹配 | G93: T27_613.jpg | H93: 完全 | J93: T27-613.jpg
A94: #T30 | B94: SHAKE N GO | C94: 11 | D94: BRAID | E94: https://herabeauty.ca/products/freetress-butterfly-loc | F94: 完全匹配 | G94: T30.jpg | H94: 完全 | J94: T30.jpg
A95: #T350 | B95: SHAKE N GO | C95: 1 | D95: BRAID | E95: https://herabeauty.ca/products/freetress-2x-braid-101-braid-18inch | F95: 完全匹配 | G95: T350.jpg | H95: 完全 | J95: T350.jpg
A96: #T530 | B96: SHAKE N GO | C96: 1 | D96: BRAID | E96: https://herabeauty.ca/products/freetress-2x-braid-101-braid-18inch | F96: 完全匹配 | G96: T530.jpg | H96: 完全 | J96: T530.jpg
A97: #TBLONDE | B97: SHAKE N GO | C97: 1 | D97: BRAID | E97: https://herabeauty.ca/products/pre-fluffed-poppin-twist-braiding-hair-20inch | F97: 完全匹配 | G97: TBLONDE.jpg | H97: 完全 | J97: TBLONDE.jpg
A98: #TOFFEE | B98: SHAKE N GO | C98: 3 | D98: HAIR | E98: https://herabeauty.ca/products/sleek-straight-ponytail-extension-secret-pocket | F98: 完全匹配 | G98: TOFFEE.jpg | H98: 完全 | J98: TOFFEE.jpg
A99: #TP1B/30 | B99: SHAKE N GO | C99: 3 | D99: WIG/BRAID | E99: https://herabeauty.ca/products/freetress-creta-girl-half-wig | F99: 完全匹配 | G99: TP1B_30.jpg | H99: 完全 | J99: TP1B-30.jpg
A100: #TP1B/33 | B100: SHAKE N GO | C100: 1 | D100: WIG | E100: https://herabeauty.ca/products/freetress-full-cap-wig-new-york-girl | F100: 完全匹配 | G100: TP1B_33.jpg | H100: 完全 | J100: TP1B-33.jpg
A101: #TP1B/530 | B101: SHAKE N GO | C101: 1 | D101: WIG | E101: https://herabeauty.ca/products/freetress-full-cap-wig-new-york-girl | F101: 完全匹配 | G101: TP1B_530.jpg | H101: 完全 | J101: TP1B-530.jpg
A102: #TP27/613 | B102: SHAKE N GO | C102: 1 | D102: BRAID | E102: https://herabeauty.ca/products/freetress-brazilian-braid-20-inch | F102: 完全匹配 | G102: TP27_613 (1).jpg | H102: 完全 | J102: TP27-613.jpg
A103: #TP4/30 | B103: SHAKE N GO | C103: 2 | D103: WIG/BRAID | E103: https://herabeauty.ca/products/freetress-full-cap-wig-new-york-girl | F103: 完全匹配 | G103: TP4_30.jpg | H103: 完全 | J103: TP4-30.jpg
... A106: #UNDKGN | B106: SHAKE N GO | C106: 1 | D106: WIG | E106: https://herabeauty.ca/products/freetress-equal-charlie-wig | F106: 完全匹配 | G106: UNDKGN.jpg | H106: 完全 | J106: UNDKGN.jpg

Sheet BOBBI BOSS
A1: 色号 (variant name) | B1: Vendor | C1: 产品数 | D1: Type | E1: 示例产品 | F1: 状态 | G1: 匹配文件 | H1: 匹配方式/分数 | I1: 其他候选 | J1: 建议文件名 | K1: 确认后的文件（手填）
A2: #1 | B2: BOBBI BOSS | C2: 14 | D2: WIG/HAIR/BRAID | E2: https://herabeauty.ca/products/boss-lace-13x5-hd-wig-luna | F2: 完全匹配 | G2: DARK/1.jpg | H2: 完全 | J2: 1.jpg
A3: #14/26A | B3: BOBBI BOSS | C3: 3 | D3: WIG | E3: https://herabeauty.ca/products/bobbi-boss-escara-lace-part-wig-b330-kendra | F3: 缺图 | H3: 最佳 53 | J3: 14-26A.jpg
A4: #1B | B4: BOBBI BOSS | C4: 16 | D4: WIG/HAIR/BRAID | E4: https://herabeauty.ca/products/boss-lace-13x5-hd-wig-luna | F4: 完全匹配 | G4: DARK/1B.jpg | H4: 完全 | J4: 1B.jpg
A5: #2 | B5: BOBBI BOSS | C5: 14 | D5: WIG/BRAID | E5: https://herabeauty.ca/products/boss-lace-13x5-hd-wig-luna | F5: 完全匹配 | G5: DARK/2.jpg | H5: 完全 | J5: 2.jpg
A6: #2/8F | B6: BOBBI BOSS | C6: 3 | D6: WIG | E6: https://herabeauty.ca/products/escara-deep-lace-part-wig-b380-linda | F6: 缺图 | H6: 最佳 53 | J6: 2-8F.jpg
A7: #3T4/YELLOW | B7: BOBBI BOSS | C7: 2 | D7: WIG | E7: https://herabeauty.ca/products/boss-lace-13x5-hd-wig-luna | F7: 缺图 | H7: 最佳 60 | I7: MIXED/TF2-YELLOW.jpg (60) | J7: 3T4-YELLOW.jpg
A8: #4 | B8: BOBBI BOSS | C8: 4 | D8: BRAID/WIG | E8: https://herabeauty.ca/products/distressed-butterfly-locs-18-inch-braid | F8: 完全匹配 | G8: DARK/4.jpg | H8: 完全 | J8: 4.jpg
A9: #4/22F | B9: BOBBI BOSS | C9: 1 | D9: WIG | E9: https://herabeauty.ca/products/bobbi-boss-escara-deep-part-lace-front-wig-b400-ariella | F9: 缺图 | H9: 最佳 64 | J9: 4-22F.jpg
A10: #44/51F | B10: BOBBI BOSS | C10: 1 | D10: WIG | E10: https://herabeauty.ca/products/bobbi-boss-escara-deep-part-lace-front-wig-b400-ariella | F10: 缺图 | H10: 最佳 46 | J10: 44-51F.jpg
A11: #6/12F | B11: BOBBI BOSS | C11: 1 | D11: WIG | E11: https://herabeauty.ca/products/bobbi-boss-escara-deep-part-lace-front-wig-b400-ariella | F11: 缺图 | H11: 最佳 53 | J11: 6-12F.jpg
A12: #6/8 | B12: BOBBI BOSS | C12: 2 | D12: WIG | E12: https://herabeauty.ca/products/escara-deep-lace-part-wig-b380-linda | F12: 缺图 | H12: 最佳 53 | J12: 6-8.jpg
A13: #6/812F | B13: BOBBI BOSS | C13: 3 | D13: WIG | E13: https://herabeauty.ca/products/escara-deep-lace-part-wig-b380-linda | F13: 缺图 | H13: 最佳 46 | J13: 6-812F.jpg
A14: #60 | B14: BOBBI BOSS | C14: 1 | D14: WIG | E14: https://herabeauty.ca/products/synthetic-lace-front-wig-escara-zoya | F14: 完全匹配 | G14: LIGHT/60.jpg | H14: 完全 | J14: 60.jpg
A15: #60W | B15: BOBBI BOSS | C15: 1 | D15: WIG | E15: https://herabeauty.ca/products/bobbi-boss-escara-deep-part-lace-front-wig-b400-ariella | F15: 完全匹配 | G15: LIGHT/60W.jpg | H15: 完全 | J15: 60W.jpg
A16: #613 | B16: BOBBI BOSS | C16: 4 | D16: WIG | E16: https://herabeauty.ca/products/synthetic-full-cap-wig-briarb | F16: 完全匹配 | G16: LIGHT/613.jpg | H16: 完全 | J16: 613.jpg
A17: #99J | B17: BOBBI BOSS | C17: 4 | D17: WIG/BRAID | E17: https://herabeauty.ca/products/escara-deep-lace-part-wig-b380-linda | F17: 完全匹配 | G17: MEDIUM/99J.jpg | H17: 完全 | J17: 99J.jpg
A18: #BLACK-CHER | B18: BOBBI BOSS | C18: 1 | D18: WIG | E18: https://herabeauty.ca/products/escara-full-cap-wig-b140-aria | F18: 完全匹配 | G18: DARK/BLACK-CHER.jpg | H18: 完全 | J18: BLACK-CHER.jpg
A19: #BTHL427613 | B19: BOBBI BOSS | C19: 1 | D19: WIG | E19: https://herabeauty.ca/products/lace-front-wig-brianne | F19: 缺图 | H19: 最佳 66 | I19: MIXED/TS4-27613.jpg (66); LIGHT/T27-613.jpg (60) | J19: BTHL427613.jpg
A20: #BTHL4306 | B20: BOBBI BOSS | C20: 1 | D20: WIG | E20: https://herabeauty.ca/products/bobbi-boss-patrice-lace-front-wig | F20: 缺图 | H20: 最佳 60 | J20: BTHL4306.jpg
A21: #BURGUNDY | B21: BOBBI BOSS | C21: 1 | D21: BRAID | E21: https://herabeauty.ca/products/bobbi-boss-nu-locs-18-inch-braids | F21: 可能匹配 | G21: MEDIUM/BUG.jpg | H21: 逐段缩写 88 | I21: MEDIUM/BURG.jpg (88) | J21: BURGUNDY.jpg
A22: #CAPPUCINO | B22: BOBBI BOSS | C22: 1 | D22: WIG | E22: https://herabeauty.ca/products/escara-full-cap-wig-b170-neena | F22: 缺图 | H22: 最佳 42 | J22: CAPPUCINO.jpg
A23: #CHOCO-FRST | B23: BOBBI BOSS | C23: 1 | D23: WIG | E23: https://herabeauty.ca/products/escara-full-cap-wig-b170-neena | F23: 缺图 | H23: 最佳 32 | J23: CHOCO-FRST.jpg
A24: #COCONUT-SPI | B24: BOBBI BOSS | C24: 2 | D24: WIG | E24: https://herabeauty.ca/products/escara-full-cap-wig-b320-christa | F24: 缺图 | H24: 最佳 42 | J24: COCONUT-SPI.jpg
A25: #D-CHOCO | B25: BOBBI BOSS | C25: 1 | D25: WIG | E25: https://herabeauty.ca/products/escara-full-cap-wig-b170-neena | F25: 缺图 | H25: 最佳 34 | J25: D-CHOCO.jpg
A26: #DX2216 | B26: BOBBI BOSS | C26: 1 | D26: WIG | E26: https://herabeauty.ca/products/synthetic-full-cap-wig-briarb | F26: 完全匹配 | G26: LIGHT/DX2216.jpg | H26: 完全 | J26: DX2216.jpg
A27: #EXPRESSO | B27: BOBBI BOSS | C27: 4 | D27: WIG | E27: https://herabeauty.ca/products/escara-full-cap-wig-b110-sapia | F27: 缺图 | H27: 最佳 38 | J27: EXPRESSO.jpg
A28: #F18/22 | B28: BOBBI BOSS | C28: 2 | D28: WIG | E28: https://herabeauty.ca/products/escara-deep-lace-part-wig-b380-linda | F28: 可能匹配 | G28: LIGHT/HF18-22.jpg | H28: 相似 77 | I28: LIGHT/18-22.jpg (76); MIXED/M18-22.jpg (68); MIXED/FL4-1822.jpg (60) | J28: F18-22.jpg
A29: #F1B/30 | B29: BOBBI BOSS | C29: 3 | D29: WIG | E29: https://herabeauty.ca/products/bobbi-boss-13x5-hd-lace-wig-melony | F29: 完全匹配 | G29: DARK/F1B-30.jpg | H29: 完全 | J29: F1B-30.jpg
A30: #F4/2730 | B30: BOBBI BOSS | C30: 1 | D30: WIG | E30: https://herabeauty.ca/products/bobbi-boss-5-deep-part-lace-front-wig-boss-lace-brielle | F30: 完全匹配 | G30: DARK/F4-2730.jpg | H30: 完全 | J30: F4-2730.jpg
A31: #F4/30 | B31: BOBBI BOSS | C31: 1 | D31: WIG | E31: https://herabeauty.ca/products/bobbi-boss-13x5-hd-lace-wig-melony | F31: 完全匹配 | G31: MEDIUM/F4-30.jpg | H31: 完全 | J31: F4-30.jpg
A32: #F613/27/10 | B32: BOBBI BOSS | C32: 1 | D32: WIG | E32: https://herabeauty.ca/products/premium-synthetic-full-wig-polina | F32: 缺图 | H32: 最佳 60 | I32: LIGHT/FS613-27.jpg (60) | J32: F613-27-10.jpg
A33: #FHL1B/27 | B33: BOBBI BOSS | C33: 1 | D33: WIG | E33: https://herabeauty.ca/products/bobbi-boss-100-unprocessed-human-hair-wet-and-wavy-wig-kalen | F33: 可能匹配 | G33: DARK/F1B-27.jpg | H33: 缩写 84 | I33: MIXED/HL1B-27.jpg (78); DARK/L1B-27.jpg (71); DARK/FS1B-27.jpg (65) | J33: FHL1B-27.jpg
A34: #FHL1B/30 | B34: BOBBI BOSS | C34: 1 | D34: WIG | E34: https://herabeauty.ca/products/bobbi-boss-100-unprocessed-human-hair-wet-and-wavy-wig-kalen | F34: 可能匹配 | G34: DARK/FL1B-30.jpg | H34: 缩写 87 | I34: DARK/F1B-30.jpg (84); MIXED/HL1B-30.jpg (78); SPECIAL/THL1B-30.jpg (73) | J34: FHL1B-30.jpg
A35: #FS1B/30 | B35: BOBBI BOSS | C35: 1 | D35: WIG | E35: https://herabeauty.ca/products/synthetic-full-cap-wig-briarb | F35: 完全匹配 | G35: DARK/FS1B-30.jpg | H35: 完全 | J35: FS1B-30.jpg
A36: #FS4/27/30 | B36: BOBBI BOSS | C36: 1 | D36: WIG | E36: https://herabeauty.ca/products/synthetic-full-cap-wig-briarb | F36: 完全匹配 | G36: DARK/FS4-2730.jpg | H36: 完全 | J36: FS4-27-30.jpg
A37: #GARNET-GLA | B37: BOBBI BOSS | C37: 1 | D37: WIG | E37: https://herabeauty.ca/products/escara-full-cap-wig-b140-aria | F37: 缺图 | H37: 最佳 42 | J37: GARNET-GLA.jpg
A38: #HARVST GLD | B38: BOBBI BOSS | C38: 1 | D38: WIG | E38: https://herabeauty.ca/products/escara-full-cap-wig-b250p-chelsea | F38: 缺图 | H38: 最佳 42 | J38: HARVST GLD.jpg
A39: #HL613/627 | B39: BOBBI BOSS | C39: 2 | D39: WIG | E39: https://herabeauty.ca/products/boss-lace-13x5-hd-wig-luna | F39: 缺图 | H39: 最佳 57 | J39: HL613-627.jpg
A40: #HLPURP/GRN | B40: BOBBI BOSS | C40: 1 | D40: WIG | E40: https://herabeauty.ca/products/boss-lace-13x5-hd-wig-luna | F40: 缺图 | H40: 最佳 50 | J40: HLPURP-GRN.jpg
A41: #M1B/27 | B41: BOBBI BOSS | C41: 1 | D41: BRAID | E41: https://herabeauty.ca/products/bobbi-boss-nu-locs-18-inch-braids | F41: 完全匹配 | G41: DARK/M1B-27.jpg | H41: 完全 | J41: M1B-27.jpg
A42: #M1B/30 | B42: BOBBI BOSS | C42: 1 | D42: BRAID | E42: https://herabeauty.ca/products/bobbi-boss-nu-locs-18-inch-braids | F42: 完全匹配 | G42: DARK/M1B-30.jpg | H42: 完全 | J42: M1B-30.jpg
A43: #M1B/D.BLUE | B43: BOBBI BOSS | C43: 1 | D43: WIG | E43: https://herabeauty.ca/products/bobbi-boss-5-deep-part-lace-front-wig-boss-lace-brielle | F43: 缺图 | H43: 最佳 68 | I43: SPECIAL/FH1B-BLUE.jpg (64); SPECIAL/TT1B-BLUE.jpg (64); DARK/M1B-BUG.jpg (61) | J43: M1B-D.BLUE.jpg
A44: #M1B/PUR | B44: BOBBI BOSS | C44: 1 | D44: BRAID | E44: https://herabeauty.ca/products/bobbi-boss-nu-locs-18-inch-braids | F44: 完全匹配 | G44: SPECIAL/M1B-PUR.jpg | H44: 完全 | J44: M1B-PUR.jpg
A45: #M2/99J | B45: BOBBI BOSS | C45: 1 | D45: WIG | E45: https://herabeauty.ca/products/synthetic-13x5-hd-lace-frontal-lace-wig-cherie | F45: 缺图 | H45: 最佳 60 | J45: M2-99J.jpg
A46: #M2/BLUE | B46: BOBBI BOSS | C46: 1 | D46: BRAID | E46: https://herabeauty.ca/products/bobbi-boss-nu-locs-18-inch-braids | F46: 完全匹配 | G46: SPECIAL/M2-BLUE.jpg | H46: 完全 | J46: M2-BLUE.jpg
A47: #M27/GOLD | B47: BOBBI BOSS | C47: 1 | D47: BRAID | E47: https://herabeauty.ca/products/bobbi-boss-nu-locs-18-inch-braids | F47: 完全匹配 | G47: SPECIAL/M27-GOLD.jpg | H47: 完全 | J47: M27-GOLD.jpg
A48: #NATURAL | B48: BOBBI BOSS | C48: 3 | D48: WIG | E48: https://herabeauty.ca/products/bobbi-boss-100-unprocessed-human-hair-wet-and-wavy-wig-kalen | F48: 完全匹配 | G48: DARK/NATURAL.jpg | H48: 完全 | J48: NATURAL.jpg
A49: #NATURAL BLACK | B49: BOBBI BOSS | C49: 3 | D49: WIG | E49: https://herabeauty.ca/products/bobbi-boss-100-unprocessed-human-hair-wet-and-wavy-wig-kalen | F49: 可能匹配 | G49: DARK/NAT.BLACK.jpg | H49: 逐段缩写 88 | I49: DARK/NATURAL.jpg (82) | J49: NATURAL BLACK.jpg
A50: #NATURAL BROWN | B50: BOBBI BOSS | C50: 1 | D50: WIG | E50: https://herabeauty.ca/products/bobbi-boss-100-unprocessed-human-hair-wet-and-wavy-wig-kalen | F50: 可能匹配 | G50: DARK/NATURAL.jpg | H50: 缩写 82 | J50: NATURAL BROWN.jpg
A51: #RT270/4 | B51: BOBBI BOSS | C51: 1 | D51: WIG | E51: https://herabeauty.ca/products/synthetic-lace-front-wig-addison | F51: 缺图 | H51: 最佳 58 | J51: RT270-4.jpg
A52: #RT30/1B | B52: BOBBI BOSS | C52: 1 | D52: WIG | E52: https://herabeauty.ca/products/synthetic-lace-front-wig-addison | F52: 缺图 | H52: 最佳 60 | J52: RT30-1B.jpg
A53: #RTBUG/1B | B53: BOBBI BOSS | C53: 1 | D53: WIG | E53: https://herabeauty.ca/products/synthetic-lace-front-wig-addison | F53: 缺图 | H53: 最佳 52 | J53: RTBUG-1B.jpg
A54: #SNDY-BLND | B54: BOBBI BOSS | C54: 1 | D54: WIG | E54: https://herabeauty.ca/products/escara-full-cap-wig-b320-christa | F54: 缺图 | H54: 最佳 57 | J54: SNDY-BLND.jpg
A55: #SUNNY SPIC | B55: BOBBI BOSS | C55: 2 | D55: WIG | E55: https://herabeauty.ca/products/bobbi-boss-escara-lace-part-wig-b330-kendra | F55: 缺图 | H55: 最佳 34 | J55: SUNNY SPIC.jpg
A56: #SUNSET BLO | B56: BOBBI BOSS | C56: 1 | D56: WIG | E56: https://herabeauty.ca/products/escara-full-cap-wig-b320-christa | F56: 缺图 | H56: 最佳 50 | J56: SUNSET BLO.jpg
A57: #SUNSET RED | B57: BOBBI BOSS | C57: 1 | D57: WIG | E57: https://herabeauty.ca/products/premium-synthetic-full-wig-polina | F57: 缺图 | H57: 最佳 50 | J57: SUNSET RED.jpg
A58: #T1B/130 | B58: BOBBI BOSS | C58: 1 | D58: WIG | E58: https://herabeauty.ca/products/bobbi-boss-patrice-lace-front-wig | F58: 缺图 | H58: 最佳 71 | I58: DARK/1B-30.jpg (60); DARK/T1B-30.jpg (60); DARK/T1B-350.jpg (60) | J58: T1B-130.jpg
A59: #T1B/27 | B59: BOBBI BOSS | C59: 4 | D59: BRAID/WIG | E59: https://herabeauty.ca/products/distressed-butterfly-locs-18-inch-braid | F59: 完全匹配 | G59: MEDIUM/T1B-27.jpg | H59: 完全 | J59: T1B-27.jpg
A60: #T1B/30 | B60: BOBBI BOSS | C60: 4 | D60: BRAID/WIG | E60: https://herabeauty.ca/products/distressed-butterfly-locs-18-inch-braid | F60: 完全匹配 | G60: DARK/T1B-30.jpg | H60: 完全 | J60: T1B-30.jpg
A61: #T1B/350 | B61: BOBBI BOSS | C61: 1 | D61: WIG | E61: https://herabeauty.ca/products/bobbi-boss-butterfly-locs-wig-calif-12 | F61: 完全匹配 | G61: DARK/T1B-350.jpg | H61: 完全 | J61: T1B-350.jpg
A62: #T1B/RED | B62: BOBBI BOSS | C62: 3 | D62: WIG | E62: https://herabeauty.ca/products/lace-front-wig-calif-butterfly-locs-16 | F62: 可能匹配 | G62: MIXED/TL1B-RED.jpg | H62: 缩写 87 | I62: MIXED/TFF1B-RED.jpg (85); SPECIAL/1B-RED.jpg (77); MEDIUM/M1B-RED.jpg (71) | J62: T1B-RED.jpg
A63: #T4/27/613 | B63: BOBBI BOSS | C63: 2 | D63: WIG | E63: https://herabeauty.ca/products/lace-front-wig-calif-butterfly-locs-16 | F63: 可能匹配 | G63: MIXED/TS4-27-613.jpg | H63: 缩写 88 | I63: MIXED/TS4-27613.jpg (88); LIGHT/27-613.jpg (60); LIGHT/ST27-613.jpg (60) | J63: T4-27-613.jpg
A64: #T8/1622 | B64: BOBBI BOSS | C64: 2 | D64: WIG | E64: https://herabeauty.ca/products/escara-deep-lace-part-wig-b380-linda | F64: 缺图 | H64: 最佳 60 | J64: T8-1622.jpg
A65: #T8/24 | B65: BOBBI BOSS | C65: 4 | D65: WIG | E65: https://herabeauty.ca/products/escara-deep-lace-part-wig-b380-linda | F65: 缺图 | H65: 最佳 60 | J65: T8-24.jpg
A66: #TOAST-BRWN | B66: BOBBI BOSS | C66: 1 | D66: WIG | E66: https://herabeauty.ca/products/escara-full-cap-wig-b320-christa | F66: 缺图 | H66: 最佳 53 | J66: TOAST-BRWN.jpg
A67: #TT1B/27 | B67: BOBBI BOSS | C67: 1 | D67: WIG | E67: https://herabeauty.ca/products/premium-synthetic-full-wig-polina | F67: 完全匹配 | G67: MIXED/TT1B-27.jpg | H67: 完全 | J67: TT1B-27.jpg
A68: #TT1B/2763 | B68: BOBBI BOSS | C68: 1 | D68: WIG | E68: https://herabeauty.ca/products/bobbi-boss-13x5-hd-lace-wig-melony | F68: 缺图 | H68: 最佳 60 | I68: DARK/FT1B-2733.jpg (60); LIGHT/TT27-613.jpg (60); MEDIUM/T1B-27.jpg (60) | J68: TT1B-2763.jpg
A69: #TT1B/30 | B69: BOBBI BOSS | C69: 1 | D69: WIG | E69: https://herabeauty.ca/products/premium-synthetic-full-wig-polina | F69: 完全匹配 | G69: MIXED/TT1B-30.jpg | H69: 完全 | J69: TT1B-30.jpg
A70: #TT1B/30613 | B70: BOBBI BOSS | C70: 1 | D70: WIG | E70: https://herabeauty.ca/products/boss-lace-13x5-hd-wig-luna | F70: 缺图 | H70: 最佳 60 | I70: MIXED/TT1B-33.jpg (60); MIXED/TT1B-613.jpg (60); MIXED/TT1B-61327.jpg (60) | J70: TT1B-30613.jpg
A71: #TT1B/ABLD | B71: BOBBI BOSS | C71: 1 | D71: WIG | E71: https://herabeauty.ca/products/synthetic-13x5-hd-lace-frontal-lace-wig-cherie | F71: 缺图 | H71: 最佳 64 | I71: SPECIAL/TT1B-LVNDR.jpg (60); SPECIAL/TT1B-PBLUE.jpg (60); SPECIAL/TT1B-RBLUE.jpg (60) | J71: TT1B-ABLD.jpg
A72: #TT1B/BBPNK | B72: BOBBI BOSS | C72: 1 | D72: WIG | E72: https://herabeauty.ca/products/boss-lace-13x5-hd-wig-luna | F72: 缺图 | H72: 最佳 70 | J72: TT1B-BBPNK.jpg
A73: #TT1B/J.BUG | B73: BOBBI BOSS | C73: 1 | D73: WIG | E73: https://herabeauty.ca/products/lace-front-wig-brianne | F73: 可能匹配 | G73: DARK/TT1B-BUG.jpg | H73: 缩写 88 | I73: DARK/T1B-BUG.jpg (85); DARK/TL1B-BUG.jpg (68); MIXED/ST1B-BUG.jpg (68) | J73: TT1B-J.BUG.jpg
A74: #TT1B/RBUG | B74: BOBBI BOSS | C74: 1 | D74: WIG | E74: https://herabeauty.ca/products/synthetic-13x5-hd-lace-frontal-lace-wig-cherie | F74: 可能匹配 | G74: DARK/TT1B-BUG.jpg | H74: 缩写 88 | I74: DARK/T1B-BUG.jpg (85); DARK/TT1B-RD.BG.jpg (74); SPECIAL/TT1B-RBLUE.jpg (70) | J74: TT1B-RBUG.jpg
A75: #TT1B/TURQ | B75: BOBBI BOSS | C75: 1 | D75: WIG | E75: https://herabeauty.ca/products/premium-synthetic-full-wig-polina | F75: 可能匹配 | G75: SPECIAL/TT1B-TUQ.jpg | H75: 逐段缩写 88 | I75: SPECIAL/TT1B-PURPL.jpg (60) | J75: TT1B-TURQ.jpg
A76: #TT4/BBPINK | B76: BOBBI BOSS | C76: 1 | D76: WIG | E76: https://herabeauty.ca/products/synthetic-13x5-hd-lace-frontal-lace-wig-cherie | F76: 缺图 | H76: 最佳 60 | J76: TT4-BBPINK.jpg
A77: #TT4/BLDBR | B77: BOBBI BOSS | C77: 1 | D77: WIG | E77: https://herabeauty.ca/products/lace-front-wig-brianne | F77: 缺图 | H77: 最佳 60 | J77: TT4-BLDBR.jpg
A78: #TT4/PKGDPK | B78: BOBBI BOSS | C78: 1 | D78: WIG | E78: https://herabeauty.ca/products/bobbi-boss-patrice-lace-front-wig | F78: 缺图 | H78: 最佳 53 | J78: TT4-PKGDPK.jpg
A79: #TT6/26613 | B79: BOBBI BOSS | C79: 1 | D79: WIG | E79: https://herabeauty.ca/products/lace-front-wig-brianne | F79: 缺图 | H79: 最佳 60 | I79: MIXED/TT6-613.jpg (60) | J79: TT6-26613.jpg
A80: #TT6/56 | B80: BOBBI BOSS | C80: 1 | D80: WIG | E80: https://herabeauty.ca/products/lace-front-wig-brianne | F80: 完全匹配 | G80: SPECIAL/TT6-56.jpg | H80: 完全 | J80: TT6-56.jpg
A81: #TTHL1B/99J | B81: BOBBI BOSS | C81: 1 | D81: WIG | E81: https://herabeauty.ca/products/premium-synthetic-full-wig-polina | F81: 可能匹配 | G81: MIXED/TT1B-99J.jpg | H81: 缩写 86 | I81: DARK/T1B-99J.jpg (83); DARK/TT1B-D99J.jpg (70); DARK/LD1B99J.jpg (64) | J81: TTHL1B-99J.jpg
A82: #TTL1B/2730 | B82: BOBBI BOSS | C82: 2 | D82: WIG | E82: https://herabeauty.ca/products/boss-lace-13x5-hd-wig-luna | F82: 缺图 | H82: 最佳 60 | I82: DARK/TL1B-30.jpg (60); DARK/TTHL1B-430.jpg (60); MEDIUM/TL4-27-30.jpg (60) | J82: TTL1B-2730.jpg
A83: #TTL1B/6013 | B83: BOBBI BOSS | C83: 1 | D83: WIG | E83: https://herabeauty.ca/products/boss-lace-13x5-hd-wig-luna | F83: 缺图 | H83: 最佳 60 | I83: MIXED/HL1B-613.jpg (60); MIXED/TT1B-613.jpg (60); MIXED/TT1B-61327.jpg (60) | J83: TTL1B-6013.jpg
A84: #TTL1B/RDBG | B84: BOBBI BOSS | C84: 2 | D84: WIG | E84: https://herabeauty.ca/products/boss-lace-13x5-hd-wig-luna | F84: 可能匹配 | G84: DARK/TT1B-RD.BG.jpg | H84: 缩写 88 | I84: DARK/TF1B-RD.BG.jpg (70); DARK/TL1B-D.BUG.jpg (70); DARK/TL1B-BUG.jpg (64) | J84: TTL1B-RDBG.jpg
A85: #TTL1B/SHCP | B85: BOBBI BOSS | C85: 2 | D85: WIG | E85: https://herabeauty.ca/products/boss-lace-13x5-hd-wig-luna | F85: 缺图 | H85: 最佳 53 | J85: TTL1B-SHCP.jpg
A86: #TTL4/BLOND | B86: BOBBI BOSS | C86: 1 | D86: WIG | E86: https://herabeauty.ca/products/bobbi-boss-13x5-hd-lace-wig-melony | F86: 可能匹配 | G86: LIGHT/TT4-BLONDE.jpg | H86: 相似 76 | J86: TTL4-BLOND.jpg
A87: #TTPUR/PVP | B87: BOBBI BOSS | C87: 1 | D87: WIG | E87: https://herabeauty.ca/products/bobbi-boss-patrice-lace-front-wig | F87: 缺图 | H87: 最佳 56 | J87: TTPUR-PVP.jpg

Sheet 未使用的本地文件
A1: 库 | B1: 文件
A2: Outre | B2: 1_DRS_ORANGE_SANGRIA.jpg
A3: Outre | B3: 144.jpg
A4: Outre | B4: 1B_3DR_BLUE_SAPPHIRE.jpg
A5: Outre | B5: 1B_3DR_CHERRY_BOMB.jpg
A6: Outre | B6: 1B_3DR_FIRE_SUNSET.jpg
A7: Outre | B7: 1B_3DR_PINK_FUCHSIA.jpg
A8: Outre | B8: 1B_3DRFF_GALAXY_POP.jpg
A9: Outre | B9: 1B_3DRFF_PINK_CHERRY.jpg
A10: Outre | B10: 1B_BLUE SAPPHIRE.jpg
A11: Outre | B11: 1B_DRFF_BANANA_CREAM.jpg
A12: Outre | B12: 1B_DRFF_COPPER_FROST.jpg
... A3267: BOBBI BOSS | B3267: SPECIAL/TTVVORC.jpg
